,Post Title,Post Score,Created UTC,Post Author,domain,url
0,The future of livestreamfails.com,904,2021-03-22 16:03:49,Good_Guy_Dev,self.LivestreamFail,https://www.reddit.com/r/LivestreamFail/comments/mar3ht/the_future_of_livestreamfailscom/
1,"Minecraft stans reach a new low, and photoshops fake dms of Kaceytron",3756,2021-03-23 11:13:08,Cyberdickk,twitter.com,https://twitter.com/kaceytron/status/1374232129068888065
2,"Chang Gang OOC talking about what the chat hoppers are talking about and calling XQC ""dogshit""",6210,2021-03-23 05:43:58,Xenoleff,clips.twitch.tv,https://clips.twitch.tv/DrabHealthyDiamondUWot-sG2Ym1Gjb6th2TdG
3,"Minecraft stan accounts gets Kaceytron drama onto #1 Twitter trending above the tragedy in Boulder, Colorado today",3154,2021-03-23 07:44:07,ninjyte,twitter.com,https://twitter.com/kaceytron/status/1374263907364179968
4,Kebun on calling Whippy dogshit,440,2021-03-23 14:10:58,Pepe_Gui,twitter.com,https://twitter.com/LordKebun/status/1374361133520404488?s=20
5,"Dream downplays the hate kaceytron gets from stans by calling it ""constructive criticism""",1927,2021-03-23 05:27:10,AS43_,clips.twitch.tv,https://clips.twitch.tv/ProductiveToughSnailKappaPride-FJWZ9GJX03InkA_A
6,"Joey‚Äôs Uber refuse to take him, then reported him for not wearing a mask",379,2021-03-23 13:45:52,singadingg,clips.twitch.tv,https://clips.twitch.tv/GlutenFreeExuberantPelicanNerfRedBlaster-mvs-YXV57nUzQF0K
7,How to trick a monkey,140,2021-03-23 17:32:01,Teemaah,clips.twitch.tv,https://clips.twitch.tv/CrowdedRespectfulPenguinPartyTime-37EZ5sjsBnfVCwug
8,XQC and Java get kicked out of the court room,293,2021-03-23 13:27:41,boxerpetehackedme,clips.twitch.tv,https://clips.twitch.tv/FilthyJazzyDragonflyThunBeast-yIZVaG2P3LyUtsOC
9,Hasan hears Poke's new TTS,3408,2021-03-23 00:01:17,tzingkha,clips.twitch.tv,https://clips.twitch.tv/ViscousAverageDonutJebaited-wL0PvdDrViBfVdEy
10,Kacey's friend brings up how the big Minecraft content creators don't call out the bad behavior from their fanbase,1454,2021-03-23 03:13:42,MysteriiousComposer,clips.twitch.tv,https://clips.twitch.tv/DaintyFunBatteryWow-1eJy3vwVyhdm_sYS
11,"Tarzaned Gets Hacked ( Riot still hasn't added a 2fa , which lets hackers abuse account recovery tool to steal accounts )",86,2021-03-23 18:20:19,gameMaker203,twitter.com,https://twitter.com/LoLTarzaned/status/1374417171128877061
12,Dream is asked if he will denounce all of the harassment Kacey is getting,1035,2021-03-23 03:57:50,MysteriiousComposer,clips.twitch.tv,https://clips.twitch.tv/HealthyAlertWalrusFutureMan-ntWD-lDuSCUzhg3c
13,Kacey with a 5Head take about Minecraft infants.,2101,2021-03-23 00:11:45,unbearablle,clips.twitch.tv,https://clips.twitch.tv/TawdryBoredNoodleCclamChamp-J3ANCSe0zQen_3FB
14,Small streamer gets emotional thanking people for helping his fundraiser to save abandoned cats.,11761,2021-03-22 16:56:19,windston,twitch.tv,https://www.twitch.tv/derogero/clip/DistinctShinyLorisHassanChop-6qgO4xE-p1vxA17U
15,The war between Rob and the Burger Shot Family has finally started,439,2021-03-23 08:23:10,Villenthessis,clips.twitch.tv,https://clips.twitch.tv/BoredRelievedQueleaRedCoat-4lrK21GyUbQzgEkp
16,The hot tub meta is evolving,1586,2021-03-23 01:18:04,Mahazzel,clips.twitch.tv,https://clips.twitch.tv/ColorfulCleverSwanKeyboardCat-sba-tpMMhfZemKnM
17,X and Dundee Realize the Truth,1111,2021-03-23 03:12:22,DisabledGoat32,clips.twitch.tv,https://clips.twitch.tv/ColdbloodedWealthyCheeseAsianGlow-6mZCDdx_47vF_1Lg?tt_medium=redt
18,Speedy the most inclusive drug lord,85,2021-03-23 17:06:59,LunaVon,clips.twitch.tv,https://clips.twitch.tv/AffluentVastClintmullinsTheRinger-82rObW6ZG1w5so9g
19,Jade and Destiny discuss appropriate breastfeeding ages,155,2021-03-23 13:34:26,Grumsgramsen,clips.twitch.tv,https://clips.twitch.tv/LaconicBrightKoupreyTBTacoRight-BlwJO-Rb7WB054L3
20,Cleanbois find the robbers they were looking for,679,2021-03-23 04:37:36,tzingkha,clips.twitch.tv,https://clips.twitch.tv/UninterestedHomelyKoalaAliens-jIgQFXEZX8uHg89W
21,Ludwig gets noticed by VGHS,355,2021-03-23 07:31:52,Khatzley,clips.twitch.tv,https://clips.twitch.tv/SlipperyEphemeralIcecreamThisIsSparta-lq2qeo1WCiGgeJCw
22,Poke laughs as millions die,2399,2021-03-22 20:43:45,SterlingSilver5,clips.twitch.tv,https://clips.twitch.tv/AdorablePlumpMagePeoplesChamp-phIUzfF5j9BRbnNJ
23,"Sips_' store gets swarmed by ""mormons""",50,2021-03-23 17:12:33,xxLusseyArmetxX,clips.twitch.tv,https://clips.twitch.tv/BombasticBoringAsteriskLeeroyJenkins-JFmsQ07yXXJt_tFA
24,Some Minecrafter kid is restreaming Kacey's content with bullying chat and 5k viewers now (clips random from the channel),477,2021-03-23 04:21:40,barryla,twitch.tv,https://www.twitch.tv/lenalovesdream/clip/OnerousSmilingSheepRlyTho-QgKKRK__M3RKNiQr
25,Ludwig Subathon Update,2138,2021-03-22 20:03:08,fiver49,clips.twitch.tv,https://clips.twitch.tv/SassySwissBunnyPhilosoraptor-lnMjo1t61vteBMdp
26,mizkif talks about maya,2512,2021-03-22 19:10:09,thesaladtong,clips.twitch.tv,https://clips.twitch.tv/BrightDiligentBatteryCurseLit-0LadJCBZupntDeIR
27,Destiny gets owned and then gets a permanent spot on Scuffed ü¶ç,571,2021-03-23 02:50:05,sexypipebagman,clips.twitch.tv,https://clips.twitch.tv/SavoryGrossTigerPMSTwin-S452C1DG32ki2q2K
28,Kaceytron reads toxic comments from Minecraft stans,835,2021-03-23 00:21:50,MysteriiousComposer,clips.twitch.tv,https://clips.twitch.tv/NimbleThankfulCourgettePJSalt-6U1ih7jw61zj0lZs
29,Dream comes on Kaceytron's stream to talk about his stans,403,2021-03-23 03:46:55,MysteriiousComposer,clips.twitch.tv,https://clips.twitch.tv/HappyBadHawkKeepo-b1wI5v2EdhFnv6QQ
30,summit1g's Reaction To Esfand's Impersonation,796,2021-03-23 00:07:33,sojuboyy,clips.twitch.tv,https://clips.twitch.tv/RichInnocentKoalaHoneyBadger-7G-znX0gJEreCzZD?tt_medium=redt
31,Javaaaa view change FAIL in helicopter lesson with XQCOW on GTA RP,653,2021-03-23 01:07:24,turbogiraffe,clips.twitch.tv,https://clips.twitch.tv/ConsiderateAgileSquidDoritosChip-oEwwojhFpxSX6ZrQ
32,Yeager Tries to commit insurance fraud,254,2021-03-23 05:49:20,alcatrazcgp,clips.twitch.tv,https://clips.twitch.tv/ResoluteKnottyDinosaurBlargNaut-KLKcU4VZD9nebDQ5
33,Buddha - Cop reminds Lang that his car is pretty damaged..,270,2021-03-23 05:08:19,NoodleTheTree,clips.twitch.tv,https://clips.twitch.tv/SweetGracefulLadiesRickroll-dkEFuG9MBVG7jyGH
34,Big time Tommie has a message for Donnie Pecorino,164,2021-03-23 06:57:53,ChiefEsco,twitter.com,https://twitter.com/StIcKyRamee/status/1374242376101793794?s=19
35,Friendship ended with Amouranth -- Now Lobster Girl is my best friend,22,2021-03-23 18:14:47,orgiasticfuture,clips.twitch.tv,https://clips.twitch.tv/VainCooperativeKathyWoofer-2NAsDA0QrECdTNGZ
36,OTK Charity Stream Fail,1107,2021-03-22 20:16:25,Yoshimitsu87,clips.twitch.tv,https://clips.twitch.tv/GiantSpoopyIguanaVoteYea-y4JBWguGUO16f95l
37,HasanAbi - X gets held at gunpoint AGAIN,365,2021-03-23 01:34:31,Lynxwolf191,clips.twitch.tv,https://clips.twitch.tv/ShakingBigGorillaMingLee-WcWCc3pAhw_4rHHJ
38,Rest in pep.,390,2021-03-23 01:03:41,ty9guy,clips.twitch.tv,https://clips.twitch.tv/DarkAwkwardKimchiTF2John-oDYbOTl5jlI6bYCN
39,Lenny Hawk saves the PD's budget,147,2021-03-23 05:37:54,actu_lyfe,clips.twitch.tv,https://clips.twitch.tv/FaithfulDeliciousLaptopAMPEnergy-v2cMNUV9eKMc9qXt
40,Imagine Dragons - Believer - cover on a cello,1221,2021-03-22 17:59:12,DarAR92,clips.twitch.tv,https://clips.twitch.tv/BlitheKindMarrowRaccAttack-udcKdmXyJf4ygL7K
41,POV: You're about to die,33,2021-03-23 14:30:00,bdk98,clips.twitch.tv,https://clips.twitch.tv/SmallInspiringHareKappaWealth-4xbIgtwIMZ5KT2tN
42,Crazy earthquake in Korea,2093,2021-03-22 14:49:49,kpoplova,clips.twitch.tv,https://clips.twitch.tv/CaringFriendlyZebraCoolStoryBob-NT8g8rmyqjDvLFju
43,After 91 hours of playing Osu! player finally full combos 53 minute map with flashlight.,632,2021-03-22 21:10:45,jpkrocks34,twitch.tv,https://www.twitch.tv/minusgn/clip/HandsomeSpookyBearBigBrother-Jhr8v9kmEGPT4rdq
44,Destiny calls out kaceytrons hypocrisy,182,2021-03-23 04:10:13,Bennettisme,clips.twitch.tv,https://clips.twitch.tv/SparklyCaringCoyoteHassanChop-znSC-5nUm7Kca_F3
45,Our boy Erobb be packing some heat.,273,2021-03-23 01:21:45,SirBallalicious,clips.twitch.tv,https://clips.twitch.tv/AssiduousExuberantOpossumNononoCat-X6lraavkjlhvdkO2
46,Child abuse? YIKES (This is a constant thing that happens on this stream. Is there something we can do about it?),212,2021-03-23 02:36:50,OmniModRz,twitch.tv,https://www.twitch.tv/pappyplayz/clip/ManlyGoodLardAMPTropPunch-TXhlsHQ5aLLpr-gD
47,Asmongold on people who buy store mounts in WoW,17,2021-03-23 15:42:25,michaelloda9,clips.twitch.tv,https://clips.twitch.tv/PlausibleLivelyPorpoiseUnSane-NHnJvx1fPwuBEe0Y
48,Kyle says bye to Jolene,12,2021-03-23 18:01:23,MysteriiousComposer,clips.twitch.tv,https://clips.twitch.tv/FrigidResourcefulHawkDBstyle-8K44AOQLu-BvI3Q-
49,Boomer gets his first speedrun WR,130,2021-03-23 04:37:49,pikachu8090,clips.twitch.tv,https://clips.twitch.tv/RelievedMoralSowDendiFace-zg-AdDBD5KmXIE9a
50,Summit8.1G ending stream,4255,2021-03-22 09:39:22,MnemosyneAgiad,clips.twitch.tv,https://clips.twitch.tv/AgileOptimisticBeanBatChest-lpZVm6zdeBUfg7Ok
51,Summit1G makes an appearance on Esfand's stream,8492,2021-03-22 06:59:31,DruidDobby,clips.twitch.tv,https://clips.twitch.tv/JazzyFuriousPeafowlNononoCat-kqGhqd7V9qRrfQJV
52,Mr B sings to X,773,2021-03-22 18:24:18,MysteriiousComposer,clips.twitch.tv,https://clips.twitch.tv/ShortHorribleCockroachEleGiggle-JBLJcGbQlILiF849
53,imaqtpie gets a taste of his own medicine,616,2021-03-22 19:15:59,FEDDY1919,clips.twitch.tv,https://clips.twitch.tv/HelpfulBlatantKangarooTheRinger-U6bwHt46cuM6uMIm
54,"Speedy shows Rob the property he ""owns""",48,2021-03-23 08:41:29,Ritchex,clips.twitch.tv,https://clips.twitch.tv/WimpyRelievedPrariedogWTRuck-ZyfM9H-upzok6DET?tt_medium=redt
55,Burger Shot vs Robert Tension Literally Heats Up,49,2021-03-23 08:39:49,Sorenthaz,clips.twitch.tv,https://clips.twitch.tv/LazyHardKeyboardCclamChamp-Fd_SKpaejVrebMsT
56,Kyle Pred finally raided Burger Shot and found Human Remains inside,1466,2021-03-22 14:06:57,Villenthessis,clips.twitch.tv,https://clips.twitch.tv/ScrumptiousShakingHamsterAliens-x4fLTQBKXt6Upb26
57,Obamasen,7,2021-03-23 18:09:13,JonasGangsta,clips.twitch.tv,https://clips.twitch.tv/BraveScrumptiousDurianPhilosoraptor-Uxw3nGTQqIBuog8n
58,Hannah Hiltop and Carmella dance their way out of a ticket,126,2021-03-23 03:22:11,tzingkha,clips.twitch.tv,https://clips.twitch.tv/RockyThoughtfulKoupreyOhMyDog-zKbX8OYwOITj3BXh
59,Vegan playthrough gone wrong,8,2021-03-23 17:47:47,ScapulaRetraction,clips.twitch.tv,https://clips.twitch.tv/EnergeticTenaciousMagePhilosoraptor-9Q8cehzS2eUllIHh
60,Tyler's grind is going as expected,72,2021-03-23 05:52:46,Cptkiller2010,clips.twitch.tv,https://clips.twitch.tv/CaringAmusedCakeYee-YPTYTXsIObXI4vui
61,Cat6Cycling bikes into a pole,9,2021-03-23 18:14:36,lemon-meringue,clips.twitch.tv,https://clips.twitch.tv/ShinyClumsySandpiperPogChamp-XeQQl55F15hqUsru
62,Lenny and Andrews perform the Code 1 Kickflip Special,76,2021-03-23 04:45:49,DontRunItsOnlyHam,clips.twitch.tv,https://clips.twitch.tv/OriginalEphemeralSquidCmonBruh-NU9uoCw45TlWEI3r
63,Destiny forgets to reset his speed.,193,2021-03-22 23:38:24,Blendination,clips.twitch.tv,https://clips.twitch.tv/SuaveGoldenCrabsThisIsSparta-7O8O-KmLzuzB9SOJ
64,orgasm? you wouldn't know,886,2021-03-22 15:27:15,biosnake20,clips.twitch.tv,https://clips.twitch.tv/AbstemiousDreamyDotterelKappaWealth-RSlA68GXilIC8T3r
65,Kaceytron the known AAVE protector,147,2021-03-23 00:42:12,jevven,clips.twitch.tv,https://clips.twitch.tv/PatientCourteousClipsdadNinjaGrumpy-l4jnxO1ZKjoCnSU1
66,Asmongold on the OTK charity event,67,2021-03-23 04:26:07,MysteriiousComposer,twitter.com,https://twitter.com/Asmongold/status/1374214547888869376
67,TommyKay having a deep and intellectual thought,11,2021-03-23 14:17:55,DarthSuperior,clips.twitch.tv,https://clips.twitch.tv/NimbleEncouragingCroissantPeteZaroll-7M1wYwBkdLeay0lc
68,Bacon Mom ending stream with a harp - Ended up being even more peaceful than I thought it would,60,2021-03-23 04:02:26,ICanHazRecon911,clips.twitch.tv,https://clips.twitch.tv/CooperativeEndearingWallabyStinkyCheese-2uFejFQ_Wkuv9Y_h
69,XQC actually turning into a new leaf and making amends on past wrongdoings,1024,2021-03-22 12:25:04,Thememecream,clips.twitch.tv,https://clips.twitch.tv/StrongMotionlessCheetahPraiseIt-BxMLJw1Fhy44d-x8
70,CG mag dump the cops in response to them blowing up racing car after police road spiked them.,28,2021-03-23 08:11:01,omegalaughingLulClap,clips.twitch.tv,https://clips.twitch.tv/AntediluvianPlayfulAmazonFeelsBadMan-W3eil5nsw2BFkcJZ
71,Hikaru Raids Ludwig,3,2021-03-23 19:51:36,Kramrebla12,clips.twitch.tv,https://clips.twitch.tv/RockyGoodNoodleThisIsSparta-cWtt1yxKrvbD2O4f
72,Theft takes place on the stopsigncam,180,2021-03-22 21:38:15,DeLion135,clips.twitch.tv,https://clips.twitch.tv/CloudyDoubtfulSandpiperFeelsBadMan-LpUVVfHR9CoTx4Ap
73,rlly - Probably should,21,2021-03-23 08:39:15,unique_name_02,clips.twitch.tv,https://clips.twitch.tv/CarefulBlueHornetTBTacoRight-PejxiO8dH_ueKSVz
74,Forsen does a double decker throw,3,2021-03-23 19:23:25,t4mm3r,clips.twitch.tv,https://clips.twitch.tv/LittleYawningGrassFailFish-dmEWNCWgNs6IDPQf
75,Streamer dies 4 hours into a PermaDeath run from a GLITCH,5,2021-03-23 17:48:17,TLagPro,clips.twitch.tv,https://clips.twitch.tv/StupidZealousFlamingoJonCarnage-Q-da87Y8KNn4HYRy
76,this is NOT a shelf mr. kitty :),3,2021-03-23 19:11:49,zur312,clips.twitch.tv,https://clips.twitch.tv/RelentlessYummyTrayTBTacoLeft-lMcHG0FF484UojWV
77,Confusion seeping from Ghost Rider,47,2021-03-23 04:19:32,zenongreat,clips.twitch.tv,https://clips.twitch.tv/ShyLongWrenNotLikeThis-m2o6quNadefwxLnB
78,xQc hits an officer,175,2021-03-22 21:10:20,BrainFart0129,twitch.tv,https://www.twitch.tv/xqcow/clip/RelievedSpookyButterThisIsSparta-z3kj8SdfsiE2Gqa1?tt_medium=mobile_web_share&tt_content=clips_viewing
79,X takes a detour,129,2021-03-22 22:29:37,MysteriiousComposer,clips.twitch.tv,https://clips.twitch.tv/TangibleDifficultArugulaKappaPride-d-DEvk_RRbebZdeu
80,Adept holds up xQc in game,675,2021-03-22 13:17:07,ItzMistaa,clips.twitch.tv,https://clips.twitch.tv/SlipperyExpensiveSardineUncleNox-tYCInHKJF5ipnWpy
81,Asmongold gets ashamed after he realizes the kid was still on the line,162,2021-03-22 20:17:57,Archanded,clips.twitch.tv,https://clips.twitch.tv/CuriousCovertBunnyRedCoat-ZVNJI_IgTPdFAFlc
82,Small sized Sumo Wrestler throws and slams an opponent nearly twice his size.,172,2021-03-22 19:44:39,addtoit,twitch.tv,https://www.twitch.tv/mbovosumo/clip/DistinctNurturingCobblerResidentSleeper-2UC2Vjos85vOWBpW
83,Kyle train coming through,233,2021-03-22 18:09:15,Foodiesat,clips.twitch.tv,https://clips.twitch.tv/BlazingCrowdedSalsifyBudBlast-sPf3gKdD0aUvfesG
84,Asmongold gets jebaited,2,2021-03-23 19:21:36,Authijsm,clips.twitch.tv,https://clips.twitch.tv/ProudCoweringRaisinTwitchRaid-Q0Foh5tgLVb_17zU
85,Sykkuno walks by at just the right time!,108,2021-03-22 21:42:44,IDynasoar,clips.twitch.tv,https://clips.twitch.tv/AmericanProtectiveAirGuitarMVGame-QvR8dsdoj4Aks1Ud
86,Dundee loses the cops in 20 seconds flat EZ,1754,2021-03-22 06:28:07,JeyEskeetit,clips.twitch.tv,https://clips.twitch.tv/StormyHelplessBeaverDoritosChip-Q0rBL8Cjyez_BjMD
87,Aris‚Äô friend on animal cruelty,68,2021-03-23 00:10:27,greenlizard6,clips.twitch.tv,https://clips.twitch.tv/DaintyClearFrogPoooound-m9pX0JamA4EK1ZBQ
88,Sheriff Cornwood delivers justice,1937,2021-03-22 05:09:29,OLD_PEOPLE_FUCKING,clips.twitch.tv,https://clips.twitch.tv/SaltyArbitraryPuffinAsianGlow-wnO2NCjMTqIOTBgT
89,Guy stops at a stop sign and adds some flair to it,3660,2021-03-22 01:48:46,ObviouslyATurtle,clips.twitch.tv,https://clips.twitch.tv/BrainyHomelySamosaKeepo-nKnwGw-R2ymjHF0B
90,X attempts to fly a helicopter,63,2021-03-23 00:00:10,MysteriiousComposer,clips.twitch.tv,https://clips.twitch.tv/CourageousCaringMetalDAESuppy-0hOCe4omUWC2dCB0
91,xQc vs gas station,446,2021-03-22 12:11:03,Jevve,clips.twitch.tv,https://clips.twitch.tv/TalentedLuckySharkMau5-Wy7Omkfh9Lg4koQe
92,Majima forgot to turn off the engine,22,2021-03-23 03:55:22,Villenthessis,clips.twitch.tv,https://clips.twitch.tv/CarefulSullenTortoiseDoritosChip-KasiPLANvskxWlcY
93,MiltonTPike1 - Kiki Chanel flirting,144,2021-03-22 17:58:46,callmeweed,clips.twitch.tv,https://clips.twitch.tv/LachrymoseSuccessfulMinkANELE-cG-fyZytrnxHawrT
94,AvoidingThePuddle - Aris has a change of heart,66,2021-03-22 21:49:27,NovoMyJogo,clips.twitch.tv,https://clips.twitch.tv/PuzzledCoyWhaleCoolCat-XXSp8TtfietizUoQ
95,ludwig - VGHS creators send a message to ludwig through subtitles,14,2021-03-23 07:38:40,Cat-Snatcher,clips.twitch.tv,https://clips.twitch.tv/CrepuscularWildWaspPanicBasket-G58SPPw6B4vr2Bhi
96,"""It's doing my favourite thing that elephants do!""",198,2021-03-22 15:40:55,Fonjask,clips.twitch.tv,https://clips.twitch.tv/PuzzledFunnyBibimbapDatSheffy-1_SDYjTAnKC_qNZ9
97,the azan way,2,2021-03-23 19:51:50,kinglex1,clips.twitch.tv,https://clips.twitch.tv/SpotlessSolidClipzShadyLulu-OHS6T3oHCs3kJkZ2
98,Korean prohibition signs,2,2021-03-23 16:05:48,jo_jo_nyeb,clips.twitch.tv,https://clips.twitch.tv/BusyBlightedKathyArsonNoSexy-zSLjRPssSe9Uk9F3
99,time to stop throwing,1,2021-03-23 19:49:12,th3gamingfreaks,clips.twitch.tv,https://clips.twitch.tv/StupidGracefulGalagoDatBoi-6Fk2Aq5jCtLAZGv9
