"","emote_name","emote_image"
"1","monkaS","https://cdn.betterttv.net/emote/56e9f494fff3cc5c35e5287e/3x"
"2","OMEGALUL","https://cdn.betterttv.net/emote/583089f4737a8e61abb0186b/3x"
"3","Clap","https://cdn.betterttv.net/emote/55b6f480e66682f576dd94f5/3x"
"4","catJAM","https://cdn.betterttv.net/emote/5f1b0186cf6d2144653d2970/3x"
"5","POGGERS","https://cdn.betterttv.net/emote/58ae8407ff7b7276f8e594f2/3x"
"6","PepeHands","https://cdn.betterttv.net/emote/59f27b3f4ebd8047f54dee29/3x"
"7","EZ","https://cdn.betterttv.net/emote/5590b223b344e2c42a9e28e3/3x"
"8","pepeJAM","https://cdn.betterttv.net/emote/5b77ac3af7bddc567b1d5fb2/3x"
"9","KEKW","https://cdn.betterttv.net/emote/5e9c6c187e090362f8b0b9e8/3x"
"10","Pepega","https://cdn.betterttv.net/emote/5aca62163e290877a25481ad/3x"
"11","pepeD","https://cdn.betterttv.net/emote/5b1740221c5a6065a7bad4b5/3x"
"12","PepePls","https://cdn.betterttv.net/emote/55898e122612142e6aaa935b/3x"
"13","PogU","https://cdn.betterttv.net/emote/5e4e7a1f08b4447d56a92967/3x"
"14","5Head","https://cdn.betterttv.net/emote/5d6096974932b21d9c332904/3x"
"15","gachiBASS","https://cdn.betterttv.net/emote/57719a9a6bdecd592c3ad59b/3x"
"16","PepeLaugh","https://cdn.betterttv.net/emote/5c548025009a2e73916b3a37/3x"
"17","blobDance","https://cdn.betterttv.net/emote/5ada077451d4120ea3918426/3x"
"18","gachiHYPER","https://cdn.betterttv.net/emote/59143b496996b360ff9b807c/3x"
"19","Sadge","https://cdn.betterttv.net/emote/5e0fa9d40550d42106b8a489/3x"
"20","AYAYA","https://cdn.betterttv.net/emote/58493695987aab42df852e0f/3x"
"21","weirdChamp","https://cdn.betterttv.net/emote/5d20a55de1cfde376e532972/3x"
"22","monkaW","https://cdn.betterttv.net/emote/59ca6551b27c823d5b1fd872/3x"
"23","peepoClap","https://cdn.betterttv.net/emote/5d38aaa592fc550c2d5996b8/3x"
"24","PepegaAim","https://cdn.betterttv.net/emote/5d0d7140ca4f4b50240ff6b4/3x"
"25","pepeLaugh","https://cdn.betterttv.net/emote/59b73909b27c823d5b1f6052/3x"
"26","ricardoFlick","https://cdn.betterttv.net/emote/5bc2143ea5351f40921080ee/3x"
"27","PepoDance","https://cdn.betterttv.net/emote/5a6edb51f730010d194bdd46/3x"
"28","RainbowPls","https://cdn.betterttv.net/emote/5b35cae2f3a33e2b6f0058ef/3x"
"29","HYPERS","https://cdn.betterttv.net/emote/5980af4e3a1ac5330e89dc76/3x"
"30","LULW","https://cdn.betterttv.net/emote/5dc79d1b27360247dd6516ec/3x"
"31","peepoLeave","https://cdn.betterttv.net/emote/5d324913ff6ed36801311fd2/3x"
"32","sumSmash","https://cdn.betterttv.net/emote/5af84b9e766af63db43bf6b9/3x"
"33","Dance","https://cdn.betterttv.net/emote/5aa1d0e311237146531078b0/3x"
"34","TriDance","https://cdn.betterttv.net/emote/5d1e70f498539c4801cc3811/3x"
"35","modCheck","https://cdn.betterttv.net/emote/5d7eefb7c0652668c9e4d394/3x"
"36","peepoArrive","https://cdn.betterttv.net/emote/5d922afbc0652668c9e52ead/3x"
"37","pressF","https://cdn.betterttv.net/emote/5c857788f779543bcdf37124/3x"
"38","monkaHmm","https://cdn.betterttv.net/emote/5aa16eb65d4a424654d7e3e5/3x"
"39","peepoHappy","https://cdn.betterttv.net/emote/5a16ee718c22a247ead62d4a/3x"
"40","(ditto)","https://cdn.betterttv.net/emote/554da1a289d53f2d12781907/3x"
"41","pepeDS","https://cdn.betterttv.net/emote/5b444de56b9160327d12534a/3x"
"42","PauseChamp","https://cdn.betterttv.net/emote/5cd6b08cf1dac14a18c4b61f/3x"
"43","bongoTap","https://cdn.betterttv.net/emote/5ba6d5ba6ee0c23989d52b10/3x"
"44","weSmart","https://cdn.betterttv.net/emote/589771dc10c0975495c578d1/3x"
"45","KEKW","https://cdn.betterttv.net/emote/5ea831f074046462f768097a/3x"
"46","gachiGASM","https://cdn.betterttv.net/emote/55999813f0db38ef6c7c663e/3x"
"47","PartyParrot","https://cdn.betterttv.net/emote/59f06613ba7cdd47e9a4cad2/3x"
"48","monkaTOS","https://cdn.betterttv.net/emote/5a7fd054b694db72eac253f4/3x"
"49","monkaX","https://cdn.betterttv.net/emote/58e5abdaf3ef4c75c9c6f0f9/3x"
"50","ppOverheat","https://cdn.betterttv.net/emote/5b3e953a2c8a38720760c7f7/3x"
"51","pepeJAMJAM","https://cdn.betterttv.net/emote/5c36fba2c6888455faa2e29f/3x"
"52","peepoRun","https://cdn.betterttv.net/emote/5bc7ff14664a3b079648dd66/3x"
"53","peepoPooPoo","https://cdn.betterttv.net/emote/5c3427a55752683d16e409d1/3x"
"54","RareParrot","https://cdn.betterttv.net/emote/55a24e1294dd94001ee86b39/3x"
"55","POGSLIDE","https://cdn.betterttv.net/emote/5aea37908f767c42ce1e0293/3x"
"56","peepoHey","https://cdn.betterttv.net/emote/5c0e1a3c6c146e7be4ff5c0c/3x"
"57","pepeMeltdown","https://cdn.betterttv.net/emote/5ba84271c9f0f66a9efc1c86/3x"
"58","popCat","https://cdn.betterttv.net/emote/5fa8f232eca18f6455c2b2e1/3x"
"59","HYPERCLAP","https://cdn.betterttv.net/emote/5b35ca08392c604c5fd81874/3x"
"60","PETTHEPEEPO","https://cdn.betterttv.net/emote/5ec059009af1ea16863b2dec/3x"
"61","FeelsRainMan","https://cdn.betterttv.net/emote/57850b9df1bf2c1003a88644/3x"
"62","WAYTOODANK","https://cdn.betterttv.net/emote/5ad22a7096065b6c6bddf7f3/3x"
"63","WaitWhat","https://cdn.betterttv.net/emote/55cbeb8f8b9c49ef325bf738/3x"
"64","TriKool","https://cdn.betterttv.net/emote/59a6d3dedccaf930aa8f3de1/3x"
"65","WeSmart","https://cdn.betterttv.net/emote/5a311dd16405a95e4b0d4967/3x"
"66","ddHuh","https://cdn.betterttv.net/emote/58b20d74d07b273e0dcfd57c/3x"
"67","pikaOMG","https://cdn.betterttv.net/emote/5bec16e1c3cac7088d09bdd7/3x"
"68","pugPls","https://cdn.betterttv.net/emote/5de88ccef6e95977b50e6eb1/3x"
"69","peepoShy","https://cdn.betterttv.net/emote/5eaa12a074046462f768344b/3x"
"70","monkaSHAKE","https://cdn.betterttv.net/emote/58d867c84c25f4458349ecc7/3x"
"71","ppJedi","https://cdn.betterttv.net/emote/5b52e96eb4276d0be256f809/3x"
"72","COGGERS","https://cdn.betterttv.net/emote/5ab6f0ece1d6391b63498774/3x"
"73","WeirdChamp","https://cdn.betterttv.net/emote/5d9198fbd2458468c1f4adb7/3x"
"74","TeaTime","https://cdn.betterttv.net/emote/56f6eb647ee3e8fc6e4fe48e/3x"
"75","MYAAA","https://cdn.betterttv.net/emote/5de20a2c2dea2902de074598/3x"
"76","peepoSad","https://cdn.betterttv.net/emote/5a16ddca8c22a247ead62ceb/3x"
"77","NODDERS","https://cdn.betterttv.net/emote/5eadf40074046462f7687d0f/3x"
"78","ratJAM","https://cdn.betterttv.net/emote/5f43037db2efd65d77e8a88f/3x"
"79","NOPERS","https://cdn.betterttv.net/emote/5ec39a9db289582eef76f733/3x"
"80","HACKERMANS","https://cdn.betterttv.net/emote/5b490e73cf46791f8491f6f4/3x"
"81","peepoSimp","https://cdn.betterttv.net/emote/5e3a2c6cd736527d5cd26836/3x"
"82","monkaGun","https://cdn.betterttv.net/emote/58f6e05e58f5dd226a16166e/3x"
"83","PepoCheer","https://cdn.betterttv.net/emote/5abd36396723dc149c678e90/3x"
"84","KKool","https://cdn.betterttv.net/emote/56c2cff2d9ec6bf744247bf1/3x"
"85","lickR","https://cdn.betterttv.net/emote/5afdd149b5f610729e2f6e75/3x"
"86","nymnCorn","https://cdn.betterttv.net/emote/56cb56f5500cb4cf51e25b90/3x"
"87","ppHop","https://cdn.betterttv.net/emote/5a9578d6dcf3205f57ba294f/3x"
"88","catJAM","https://cdn.betterttv.net/emote/5f1abd75fe85fb4472d132b4/3x"
"89","DonoWall","https://cdn.betterttv.net/emote/5efcd82551e3910deed68751/3x"
"90","monkaSTEER","https://cdn.betterttv.net/emote/5ed0fd17f54be95e2a835054/3x"
"91","PartyKirby","https://cdn.betterttv.net/emote/5c3a9d8bbaa7ba09c9cfca37/3x"
"92","peepoLove","https://cdn.betterttv.net/emote/5a5e0e8d80f53146a54a516b/3x"
"93","KEKWlaugh","https://cdn.betterttv.net/emote/5d793f2e14011815db9377d2/3x"
"94","AlienPls","https://cdn.betterttv.net/emote/5805580c3d506fea7ee357d6/3x"
"95","forsenPls","https://cdn.betterttv.net/emote/55e2096ea6fa8b261f81b12a/3x"
"96","lickL","https://cdn.betterttv.net/emote/5afdd15ab5f610729e2f6e7a/3x"
"97","kumaPls","https://cdn.betterttv.net/emote/5af454b657376e68acb7512a/3x"
"98","Thonk","https://cdn.betterttv.net/emote/585231dd58af204561cd6036/3x"
"99","Thonk","https://cdn.betterttv.net/emote/585231dd58af204561cd6036/3x"
"100","widepeepoHappy","https://cdn.betterttv.net/emote/5e1a76dd8af14b5f1b438c04/3x"
"101","PETTHEMODS","https://cdn.betterttv.net/emote/5f24435d713a6144748a91c7/3x"
"102","HAhaa","https://cdn.betterttv.net/emote/55f47f507f08be9f0a63ce37/3x"
"103","CuteDog","https://cdn.betterttv.net/emote/56d6fbb4d5d429963e27410c/3x"
"104","200IQ","https://cdn.betterttv.net/emote/5acdc7cb31ca5d147369ead8/3x"
"105","headBang","https://cdn.betterttv.net/emote/57320689d69badf9131b82c4/3x"
"106","ThisIsFine","https://cdn.betterttv.net/emote/5e2914861df9195f1a4cd411/3x"
"107","tenseSmash","https://cdn.betterttv.net/emote/5d20ef02e1cfde376e532cc0/3x"
"108","confusedCat","https://cdn.betterttv.net/emote/5d5d9fe322f52e1d9b41ac91/3x"
"109","CrabPls","https://cdn.betterttv.net/emote/5c2a4ddda402f16774559abe/3x"
"110","PEPEDS","https://cdn.betterttv.net/emote/5be9f494a550811484ed2dd4/3x"
"111","peepoGiggles","https://cdn.betterttv.net/emote/5e0bcf69031ec77bab473476/3x"
"112","BLELELE","https://cdn.betterttv.net/emote/583eb50550222f7f1086e012/3x"
"113","OOOO","https://cdn.betterttv.net/emote/5e5300e6751afe7d553e4351/3x"
"114","coffinPLZ","https://cdn.betterttv.net/emote/5e9e978c74046462f7674f9f/3x"
"115","PeepoNoob","https://cdn.betterttv.net/emote/5e8b86328fb1ca5cde5866b5/3x"
"116","peepoSmash","https://cdn.betterttv.net/emote/5c72084d41600b0832ab0931/3x"
"117","hoSway","https://cdn.betterttv.net/emote/56396c857e538de14bd747a5/3x"
"118","pepeSmoke","https://cdn.betterttv.net/emote/5b15162147c7bf3bfc0b9c76/3x"
"119","pepeJAMMER","https://cdn.betterttv.net/emote/5baa5b59f17b9f6ab0f3e84f/3x"
"120","RIP","https://cdn.betterttv.net/emote/54fcdfdc01abde735115deae/3x"
"121","PepegaPls","https://cdn.betterttv.net/emote/5c04b07db4297124fa9d165e/3x"
"122","BabyYodaSip","https://cdn.betterttv.net/emote/5de76fe0f6e95977b50e6875/3x"
"123","GuitarTime","https://cdn.betterttv.net/emote/576befd71f520d6039622f7e/3x"
"124","3Head","https://cdn.betterttv.net/emote/5d24f20653fb473775490d6f/3x"
"125","FeelsWeirdMan","https://cdn.betterttv.net/emote/5603731ce5fc5eff1de93229/3x"
"126","LULWW","https://cdn.betterttv.net/emote/587d26d976a3c4756d667153/3x"
"127","dekuHYPE","https://cdn.betterttv.net/emote/594c13b436b6a43b492ce4bd/3x"
"128","PepoG","https://cdn.betterttv.net/emote/5d63e543375afb1da9a68a5a/3x"
"129","coronaS","https://cdn.betterttv.net/emote/5e3441d861ff6b51e65259fe/3x"
"130","RareChar","https://cdn.betterttv.net/emote/562b9101a6646e202bcc5447/3x"
"131","Kissahomie","https://cdn.betterttv.net/emote/5ecee2f6924aa35e32a619b7/3x"
"132","PepegaGun","https://cdn.betterttv.net/emote/5db4816f8b059b723dc1a58d/3x"
"133","KEKWait","https://cdn.betterttv.net/emote/5e486af4d736527d5cd2fed6/3x"
"134","BoneZone","https://cdn.betterttv.net/emote/5b6c5efadd8fb0185163bd4f/3x"
"135","peepoRiot","https://cdn.betterttv.net/emote/5e1fc363bca2995f13fb89d7/3x"
"136","mericCat","https://cdn.betterttv.net/emote/59a32119b71a9e11bd5f4251/3x"
"137","peepoComfy","https://cdn.betterttv.net/emote/5dbc173f27360247dd64e4ae/3x"
"138","PepoSabers","https://cdn.betterttv.net/emote/5afa002a1260c3359cb41ef6/3x"
"139","MLADY","https://cdn.betterttv.net/emote/5b34ef0dbe275b629fc726a2/3x"
"140","Pog","https://cdn.betterttv.net/emote/5ff827395ef7d10c7912c106/3x"
"141","PepeWhy","https://cdn.betterttv.net/emote/5a9def77b7319a74f5bbdeda/3x"
"142","Jammies","https://cdn.betterttv.net/emote/5d2dc7dcff6ed3680130eb6d/3x"
"143","peepoLeave","https://cdn.betterttv.net/emote/5d9be805d2458468c1f4dbb3/3x"
"144","KKomrade","https://cdn.betterttv.net/emote/56be9fd6d9ec6bf74424760d/3x"
"145","hypeE","https://cdn.betterttv.net/emote/5b6ded5560d17f4657e1319e/3x"
"146","monkaBan","https://cdn.betterttv.net/emote/5be43ddea550811484ecf547/3x"
"147","BBoomer","https://cdn.betterttv.net/emote/5c447084f13c030e98f74f58/3x"
"148","DANCE","https://cdn.betterttv.net/emote/5befebbbe4ac1871e89f2485/3x"
"149","sadKEK","https://cdn.betterttv.net/emote/5d72ae0aa32edb714a9df060/3x"
"150","monkaShoot","https://cdn.betterttv.net/emote/59c232aeb27c823d5b1fa579/3x"
"151","sadCat","https://cdn.betterttv.net/emote/5b96e7f1bbf4663f648795b1/3x"
"152","pepeBASS","https://cdn.betterttv.net/emote/5c393177fb40bc09d7c6c3aa/3x"
"153","HyperNeko","https://cdn.betterttv.net/emote/5afdfe6702e8e2270c373de3/3x"
"154","POGGIES","https://cdn.betterttv.net/emote/5b457bbd0485f43277cecac0/3x"
"155","PogUU","https://cdn.betterttv.net/emote/5cf6a8322316b42d72be7c36/3x"
"156","PogO","https://cdn.betterttv.net/emote/5e9cdca974046462f7673006/3x"
"157","FeelsOkayMan","https://cdn.betterttv.net/emote/5803757f3d506fea7ee35267/3x"
"158","WowPls","https://cdn.betterttv.net/emote/55c845ecde06d3181ad07b19/3x"
"159","GachiPls","https://cdn.betterttv.net/emote/58868aa5afc2ff756c3f495e/3x"
"160","gachiW","https://cdn.betterttv.net/emote/5ce66e8c1281d44f03de8051/3x"
"161","iron95Pls","https://cdn.betterttv.net/emote/5b220a44d4fa7c69415f38e7/3x"
"162","peepoLeave","https://cdn.betterttv.net/emote/5e14ca013267f72103fd8462/3x"
"163","pepeClap","https://cdn.betterttv.net/emote/59688b35172b8b255ec3f6ac/3x"
"164","REKT","https://cdn.betterttv.net/emote/55f759d6b56252197d9af958/3x"
"165","pepeSadJam","https://cdn.betterttv.net/emote/5baf7cfb9809cc1f5117d301/3x"
"166","PogTasty","https://cdn.betterttv.net/emote/5dc37f3850952f47dbdf170c/3x"
"167","FeelsLitMan","https://cdn.betterttv.net/emote/588111b6afc2ff756c3f345d/3x"
"168","BOOBA","https://cdn.betterttv.net/emote/5fa99424eca18f6455c2bca5/3x"
"169","PepeHands","https://cdn.betterttv.net/emote/5c20e3432b99ae62dd04331b/3x"
"170","KirbDance","https://cdn.betterttv.net/emote/5b9011eea2c5266ff2b8fde5/3x"
"171","DogePls","https://cdn.betterttv.net/emote/55c7eb723d8fd22f20ac9cc1/3x"
"172","pikaO","https://cdn.betterttv.net/emote/5be4b0c9e9207c147ebcb517/3x"
"173","xar2EDM","https://cdn.betterttv.net/emote/5b7e01fbe429f82909e0013a/3x"
"174","somDied","https://cdn.betterttv.net/emote/55a63293b13ce179110b0193/3x"
"175","billyReady","https://cdn.betterttv.net/emote/58763fcecb2b7248f8b9b0cf/3x"
"176","PepeS","https://cdn.betterttv.net/emote/59420c88023a013b50774872/3x"
"177","forsenCD","https://cdn.betterttv.net/emote/5d3e250a6d68672adc3fbff7/3x"
"178","OMEGAROLL","https://cdn.betterttv.net/emote/5b58941cc0c5fe407247b5e5/3x"
"179","chikaYo","https://cdn.betterttv.net/emote/5c69f5caadab351034b3fcc1/3x"
"180","catDance","https://cdn.betterttv.net/emote/5bc116eddd373363d2c76479/3x"
"181","miyanoHype","https://cdn.betterttv.net/emote/588763bbafc2ff756c3f4c26/3x"
"182","FeelsLagMan","https://cdn.betterttv.net/emote/56758c29bf317838643c7e97/3x"
"183","YEPP","https://cdn.betterttv.net/emote/5e978e20d023b362f638339d/3x"
"184","SaltyShower","https://cdn.betterttv.net/emote/56ec8a535c391d4c7239fe22/3x"
"185","owoUwu","https://cdn.betterttv.net/emote/5e34687d61ff6b51e6525bfe/3x"
"186","PepoPopcorn","https://cdn.betterttv.net/emote/5b157890aca8015213e555d1/3x"
"187","coffinPls","https://cdn.betterttv.net/emote/5ea1e580d023b362f638f54f/3x"
"188","nyanPls","https://cdn.betterttv.net/emote/5608cf93fdaf5f3275fe39cd/3x"
"189","monkaW","https://cdn.betterttv.net/emote/5981e885eaab4f3320e73b18/3x"
"190","FeelsRageMan","https://cdn.betterttv.net/emote/5597e66ed8152e272470f830/3x"
"191","monkaGIGA","https://cdn.betterttv.net/emote/58c36ac73c3bbd3e016b6e60/3x"
"192","ROACH","https://cdn.betterttv.net/emote/5d61b1b14932b21d9c332f1b/3x"
"193","catKISS","https://cdn.betterttv.net/emote/5f455410b2efd65d77e8cb14/3x"
"194","iLOVEyou","https://cdn.betterttv.net/emote/5ca7591926dfd77429327bb6/3x"
"195","peepoSprint","https://cdn.betterttv.net/emote/5c20a897fef84f19d3274cb0/3x"
"196","iLOVEyou","https://cdn.betterttv.net/emote/5ca7591926dfd77429327bb6/3x"
"197","peepoSprint","https://cdn.betterttv.net/emote/5c20a897fef84f19d3274cb0/3x"
"198","TGSway","https://cdn.betterttv.net/emote/5ae0db3e0e617f612886cbe1/3x"
"199","pepeL","https://cdn.betterttv.net/emote/5b53f5f2e78929110b2ac92c/3x"
"200","CouldYouNot","https://cdn.betterttv.net/emote/572accb540dbc1cb345d782b/3x"
"201","FEelsBadMan","https://cdn.betterttv.net/emote/5a6dee3b2620951f291ec6d0/3x"
"202","whatBlink","https://cdn.betterttv.net/emote/591ad4992f456546af54fdcd/3x"
"203","CrabPls","https://cdn.betterttv.net/emote/5cc0f81c9bf845390d1c037e/3x"
"204","pepeDD","https://cdn.betterttv.net/emote/5b397bc105e329206af6f24f/3x"
"205","dancepls","https://cdn.betterttv.net/emote/55f5e7cd7f08be9f0a63d008/3x"
"206","PepegaCredit","https://cdn.betterttv.net/emote/5e9643a2d023b362f6381be1/3x"
"207","loliTriggered","https://cdn.betterttv.net/emote/590696d6aedb6101b0caaff6/3x"
"208","FeelsRareMan","https://cdn.betterttv.net/emote/5678a310bf317838643c8188/3x"
"209","DisGonBGud","https://cdn.betterttv.net/emote/55af136fa7f4576c661c53e9/3x"
"210","bigPls","https://cdn.betterttv.net/emote/5ad4d78896309a1bbe59d6fa/3x"
"211","monkaCHRIST","https://cdn.betterttv.net/emote/5a21576595c4af067c869ba9/3x"
"212","Peepoleave","https://cdn.betterttv.net/emote/5e123f56b974112104801d8b/3x"
"213","danceFrog","https://cdn.betterttv.net/emote/5ba06b0c852ff34060d12fd3/3x"
"214","ABDULpls","https://cdn.betterttv.net/emote/59a4ea2865231102cde26e9c/3x"
"215","PepegaDriving","https://cdn.betterttv.net/emote/5e6fa08bd112fc3725746dd4/3x"
"216","PianoTime","https://cdn.betterttv.net/emote/5b4d2e45b7b52c3958c8f5cf/3x"
"217","WeirdChamping","https://cdn.betterttv.net/emote/5e9e0eb47e090362f8b0d9a4/3x"
"218","WanWan","https://cdn.betterttv.net/emote/566462e07fc3c70d30096e2d/3x"
"219","PikaFacepalm","https://cdn.betterttv.net/emote/57ddccb558b6f3690c898464/3x"
"220","vibePls","https://cdn.betterttv.net/emote/5e8507e08b4f04096c5a7b18/3x"
"221","02Hype","https://cdn.betterttv.net/emote/5b5217dd379b93298eb05e13/3x"
"222","monkaSoap","https://cdn.betterttv.net/emote/5e7009f8d6581c3724c093c0/3x"
"223","PepoThink","https://cdn.betterttv.net/emote/5a4ad2574884645e5706e51a/3x"
"224","KoolDoge","https://cdn.betterttv.net/emote/58b443ca47585e3e07f8b59c/3x"
"225","peepoRain","https://cdn.betterttv.net/emote/5c6b37bdadab351034b40dc5/3x"
"226","HAMDANCE","https://cdn.betterttv.net/emote/5b3aa96a05e329206af700c8/3x"
"227","dogeDance","https://cdn.betterttv.net/emote/592ed12be9f5aa0463767b7f/3x"
"228","DonoWall","https://cdn.betterttv.net/emote/5f29959d713a6144748ae376/3x"
"229","peepoShortOnAGoose","https://cdn.betterttv.net/emote/5efd70646a65270522157cae/3x"
"230","monkaDMCA","https://cdn.betterttv.net/emote/5ede6e5610aaa55e29483465/3x"
"231","Pogey","https://cdn.betterttv.net/emote/5d4b08dc64ae370ac807caa4/3x"
"232","dnyPls","https://cdn.betterttv.net/emote/5e51dba108b4447d56a94e24/3x"
"233","BANNED","https://cdn.betterttv.net/emote/5e16e5a8b974112104805f23/3x"
"234","MYAAA","https://cdn.betterttv.net/emote/5de568f991129e77b47c916a/3x"
"235","SchubertWalk","https://cdn.betterttv.net/emote/5c707362b80b802336fbb84a/3x"
"236","FeelsStrongMan","https://cdn.betterttv.net/emote/58facc4aaffae60eac088397/3x"
"237","BearHug","https://cdn.betterttv.net/emote/5bca86210218ea750b6fa4b5/3x"
"238","pepePls","https://cdn.betterttv.net/emote/5964f26d2e496b208df497a5/3x"
"239","bigWOW","https://cdn.betterttv.net/emote/5a76a1f170858a32e83d3fc4/3x"
"240","OuttaPocket","https://cdn.betterttv.net/emote/5ebfbb8bec17d81685a51621/3x"
"241","SquirtleJam","https://cdn.betterttv.net/emote/5d8d17d9d2458468c1f4978f/3x"
"242","CLAP","https://cdn.betterttv.net/emote/5bdee30a0aabfd2d72738adf/3x"
"243","peepoClown","https://cdn.betterttv.net/emote/5c50edcb5e0cb51b417faf37/3x"
"244","POGPLANT","https://cdn.betterttv.net/emote/5b7ca091decbe272b64d3d7d/3x"
"245","monkaSTEER","https://cdn.betterttv.net/emote/5f133c6d6a65270522169b73/3x"
"246","peepoChat","https://cdn.betterttv.net/emote/5e1bd08688e62a5f14dc6316/3x"
"247","ImTriggered","https://cdn.betterttv.net/emote/55b11f64ac9c447a4e565d14/3x"
"248","xqcSlam","https://cdn.betterttv.net/emote/5cb9176c750fbb4a2533fc42/3x"
"249","Woah","https://cdn.betterttv.net/emote/55006e5e8b95c6fb61482673/3x"
"250","Kissahomie","https://cdn.betterttv.net/emote/5ef33318f91de70dea5bf9cd/3x"
"251","ayayaJAM","https://cdn.betterttv.net/emote/5c36c6981a0b6956017d6b01/3x"
"252","MEGALUL","https://cdn.betterttv.net/emote/579f9ac281108bf71a550e97/3x"
"253","Monkas","https://cdn.betterttv.net/emote/5952d512023a013b5077a9ab/3x"
"254","BirbRave","https://cdn.betterttv.net/emote/5c32f7f9b2b08c560f6ae60a/3x"
"255","Saved","https://cdn.betterttv.net/emote/5e56da6a95a74a54e385bccc/3x"
"256","AlienPls3","https://cdn.betterttv.net/emote/5ea5b6cbd023b362f639427d/3x"
"257","Drake","https://cdn.betterttv.net/emote/5e42e43ad736527d5cd2c616/3x"
"258","dogJAM","https://cdn.betterttv.net/emote/5f2e2fcf6f378244660275ae/3x"
"259","AYAYA","https://cdn.betterttv.net/emote/5cafb22c1a07c923f3f1db0e/3x"
"260","micMUTED","https://cdn.betterttv.net/emote/5a9a360c35035f0fd53689a0/3x"
"261","FeelsTastyMan","https://cdn.betterttv.net/emote/59474044e949fe3b435e3135/3x"
"262","BongoCat","https://cdn.betterttv.net/emote/5b832af6e44b1e2906469c08/3x"
"263","FeelsSupportMan","https://cdn.betterttv.net/emote/5b7a0494ed39d816f122ebc5/3x"
"264","peepoBlonket","https://cdn.betterttv.net/emote/5b8015ba3c482e0aaa9413be/3x"
"265","Agakakskagesh","https://cdn.betterttv.net/emote/58a57fa706e70d0465b29cd3/3x"
"266","peepoJAM","https://cdn.betterttv.net/emote/5bc3d95236e2661664652806/3x"
"267","NOIDONTTHINKSO","https://cdn.betterttv.net/emote/5f10cdc819a5bd0524ecc8f7/3x"
"268","VVKool","https://cdn.betterttv.net/emote/58779882c1869d570857515e/3x"
"269","Goose","https://cdn.betterttv.net/emote/5d898f6bd2458468c1f485a1/3x"
"270","FeelsOhWait","https://cdn.betterttv.net/emote/55ab96ce9406e5482db53424/3x"
"271","monkaEXTREME","https://cdn.betterttv.net/emote/5b8a9c6f80c14b0422a7b2a0/3x"
"272","CatKool","https://cdn.betterttv.net/emote/589e5f0506e70d0465b27849/3x"
"273","elmoFire","https://cdn.betterttv.net/emote/5d76c43abd340415e9f32fb1/3x"
"274","PeepoComfy","https://cdn.betterttv.net/emote/5e0502e69e2cd00d968d5677/3x"
"275","FeelsOKMan","https://cdn.betterttv.net/emote/5cdaa967a591865373324fa6/3x"
"276","GandalfPls","https://cdn.betterttv.net/emote/55b9de142c4d51070e45864c/3x"
"277","peepoGulag","https://cdn.betterttv.net/emote/5e774ccfd112fc372574d6a1/3x"
"278","BlobDance","https://cdn.betterttv.net/emote/5de265d260bd0702dc510c5e/3x"
"279","ClapHD","https://cdn.betterttv.net/emote/5bba7b0f9318d3172d079f0a/3x"
"280","WineTime","https://cdn.betterttv.net/emote/5c8b071bc9b377041a1b2506/3x"
"281","pepeFASTJAM","https://cdn.betterttv.net/emote/5d24b2b253fb4737754909d4/3x"
"282","TriFi","https://cdn.betterttv.net/emote/5df0742ee7df1277b6070125/3x"
"283","peepoLeaveFinger","https://cdn.betterttv.net/emote/5e031d608608fb0da4122461/3x"
"284","pepeJAM","https://cdn.betterttv.net/emote/5df2d1b7e7df1277b6070b1e/3x"
"285","peepoGiggle","https://cdn.betterttv.net/emote/5e1eb57cbca2995f13fb7ce7/3x"
"286","peepoHey","https://cdn.betterttv.net/emote/5e162859b640b52102c684f7/3x"
"287","OMEGASP","https://cdn.betterttv.net/emote/59c4321d8798a53d5af9b9a5/3x"
"288","peepoPats","https://cdn.betterttv.net/emote/5c53afb3c5744c56e7a951d1/3x"
"289","peepoHug","https://cdn.betterttv.net/emote/5a1702fb8c22a247ead62d95/3x"
"290","FeelsBatMan","https://cdn.betterttv.net/emote/55f091b9de50f37c0a831147/3x"
"291","SmokeTime","https://cdn.betterttv.net/emote/5c86b32aa787200418a68742/3x"
"292","NOPERS","https://cdn.betterttv.net/emote/5f503a0568d9d86c020db3bb/3x"
"293","CarltonPls","https://cdn.betterttv.net/emote/55a0eddc1fe7cb4e415faff2/3x"
"294","OkayChamp","https://cdn.betterttv.net/emote/5d2eb3dfabb461681ab7d4fb/3x"
