"","emote_name","emote_link"
"1","OMEGALUL","https://cdn.frankerfacez.com/emoticon/128054/1"
"2","Pog","https://cdn.frankerfacez.com/emoticon/210748/1"
"3","PepeHands","https://cdn.frankerfacez.com/emoticon/231552/1"
"4","LULW","https://cdn.frankerfacez.com/emoticon/139407/1"
"5","Pepega","https://cdn.frankerfacez.com/emoticon/243789/1"
"6","widepeepoHappy","https://cdn.frankerfacez.com/emoticon/270930/1"
"7","monkaW","https://cdn.frankerfacez.com/emoticon/214681/1"
"8","5Head","https://cdn.frankerfacez.com/emoticon/239504/1"
"9","KEKW","https://cdn.frankerfacez.com/emoticon/381875/1"
"10","POGGERS","https://cdn.frankerfacez.com/emoticon/214129/1"
"11","monkaS","https://cdn.frankerfacez.com/emoticon/130762/1"
"12","AYAYA","https://cdn.frankerfacez.com/emoticon/162146/1"
"13","PepeLaugh","https://cdn.frankerfacez.com/emoticon/64785/1"
"14","widepeepoSad","https://cdn.frankerfacez.com/emoticon/303899/1"
"15","FeelsBadMan","https://cdn.frankerfacez.com/emoticon/33355/1"
"16","HYPERS","https://cdn.frankerfacez.com/emoticon/236895/1"
"17","FeelsOkayMan","https://cdn.frankerfacez.com/emoticon/145947/1"
"18","Kapp","https://cdn.frankerfacez.com/emoticon/218860/1"
"19","HandsUp","https://cdn.frankerfacez.com/emoticon/229760/1"
"20","Sadge","https://cdn.frankerfacez.com/emoticon/425196/1"
"21","YEP","https://cdn.frankerfacez.com/emoticon/418189/1"
"22","gachiGASM","https://cdn.frankerfacez.com/emoticon/103171/1"
"23","EZY","https://cdn.frankerfacez.com/emoticon/185890/1"
"24","3Head","https://cdn.frankerfacez.com/emoticon/274406/1"
"25","FeelsWeirdMan","https://cdn.frankerfacez.com/emoticon/131597/1"
"26","PepoThink","https://cdn.frankerfacez.com/emoticon/174942/1"
"27","monkaHmm","https://cdn.frankerfacez.com/emoticon/240746/1"
"28","KKomrade","https://cdn.frankerfacez.com/emoticon/145916/1"
"29","forsenCD","https://cdn.frankerfacez.com/emoticon/249060/1"
"30","HYPERBRUH","https://cdn.frankerfacez.com/emoticon/204717/1"
"31","monkaOMEGA","https://cdn.frankerfacez.com/emoticon/167431/1"
"32","monkaGun","https://cdn.frankerfacez.com/emoticon/187256/1"
"33","monkaTOS","https://cdn.frankerfacez.com/emoticon/237857/1"
"34","peepoHappy","https://cdn.frankerfacez.com/emoticon/228449/1"
"35","monkaEyes","https://cdn.frankerfacez.com/emoticon/268204/1"
"36","FeelsGoodMan","https://cdn.frankerfacez.com/emoticon/109777/1"
"37","KKonaW","https://cdn.frankerfacez.com/emoticon/229486/1"
"38","peepoBlanket","https://cdn.frankerfacez.com/emoticon/262458/1"
"39","4HEad","https://cdn.frankerfacez.com/emoticon/128247/1"
"40","weSmart","https://cdn.frankerfacez.com/emoticon/165742/1"
"41","FeelsStrongMan","https://cdn.frankerfacez.com/emoticon/64210/1"
"42","PepoG","https://cdn.frankerfacez.com/emoticon/218530/1"
"43","REEeee","https://cdn.frankerfacez.com/emoticon/116831/1"
"44","FeelsDankMan","https://cdn.frankerfacez.com/emoticon/536927/1"
"45","monkaH","https://cdn.frankerfacez.com/emoticon/201362/1"
"46","PepeLaugh","https://cdn.frankerfacez.com/emoticon/263833/1"
"47","peepoLove","https://cdn.frankerfacez.com/emoticon/250614/1"
"48","FeelsSpecialMan","https://cdn.frankerfacez.com/emoticon/191854/1"
"49","monkaMEGA","https://cdn.frankerfacez.com/emoticon/157576/1"
"50","WideHardo","https://cdn.frankerfacez.com/emoticon/309114/1"
"51","peepoSad","https://cdn.frankerfacez.com/emoticon/230082/1"
"52","KEKWait","https://cdn.frankerfacez.com/emoticon/390750/1"
"53","WideHard","https://cdn.frankerfacez.com/emoticon/246878/1"
"54","PepegaPhone","https://cdn.frankerfacez.com/emoticon/312720/1"
"55","YouDied","https://cdn.frankerfacez.com/emoticon/47399/1"
"56","peepoWTF","https://cdn.frankerfacez.com/emoticon/267880/1"
"57","pikachuS","https://cdn.frankerfacez.com/emoticon/298485/1"
"58","peepoClown","https://cdn.frankerfacez.com/emoticon/318914/1"
"59","widepeepoHappy","https://cdn.frankerfacez.com/emoticon/346289/1"
"60","HeavyBreathing","https://cdn.frankerfacez.com/emoticon/29990/1"
"61","Klappa","https://cdn.frankerfacez.com/emoticon/38879/1"
"62","4House","https://cdn.frankerfacez.com/emoticon/230495/1"
"63","peepoFat","https://cdn.frankerfacez.com/emoticon/288800/1"
"64","4Weird","https://cdn.frankerfacez.com/emoticon/308193/1"
"65","DICKS","https://cdn.frankerfacez.com/emoticon/19972/1"
"66","PressF","https://cdn.frankerfacez.com/emoticon/28798/1"
"67","Pepepains","https://cdn.frankerfacez.com/emoticon/227992/1"
"68","POGGIES","https://cdn.frankerfacez.com/emoticon/257284/1"
"69","Thonk","https://cdn.frankerfacez.com/emoticon/191246/1"
"70","widepeepoBlanket","https://cdn.frankerfacez.com/emoticon/337645/1"
"71","SmileW","https://cdn.frankerfacez.com/emoticon/179088/1"
"72","WaitWhat","https://cdn.frankerfacez.com/emoticon/47416/1"
"73","MEGALUL","https://cdn.frankerfacez.com/emoticon/419215/1"
"74","Pogey","https://cdn.frankerfacez.com/emoticon/262805/1"
"75","pepeJAM","https://cdn.frankerfacez.com/emoticon/341427/1"
"76","HYPERDANSGAME","https://cdn.frankerfacez.com/emoticon/261915/1"
"77","TRIGGERED","https://cdn.frankerfacez.com/emoticon/120593/1"
"78","monkaHmm","https://cdn.frankerfacez.com/emoticon/273441/1"
"79","gachiHYPER","https://cdn.frankerfacez.com/emoticon/196406/1"
"80","POGGERS","https://cdn.frankerfacez.com/emoticon/259306/1"
"81","GG!","https://cdn.frankerfacez.com/emoticon/28071/1"
"82","WeirdChamp","https://cdn.frankerfacez.com/emoticon/421124/1"
"83","MaN","https://cdn.frankerfacez.com/emoticon/266564/1"
"84","Okayge","https://cdn.frankerfacez.com/emoticon/410314/1"
"85","ThisIsFine","https://cdn.frankerfacez.com/emoticon/67872/1"
"86","2Head","https://cdn.frankerfacez.com/emoticon/294078/1"
"87","Hahaa","https://cdn.frankerfacez.com/emoticon/57611/1"
"88","PeepoGlad","https://cdn.frankerfacez.com/emoticon/244322/1"
"89","monkaChrist","https://cdn.frankerfacez.com/emoticon/243681/1"
"90","peepoPoo","https://cdn.frankerfacez.com/emoticon/307828/1"
"91","sadKEK","https://cdn.frankerfacez.com/emoticon/387103/1"
"92","monkaGIGA","https://cdn.frankerfacez.com/emoticon/183221/1"
"93","4Shrug","https://cdn.frankerfacez.com/emoticon/226912/1"
"94","POOGERS","https://cdn.frankerfacez.com/emoticon/240443/1"
"95","PepeLmao","https://cdn.frankerfacez.com/emoticon/214658/1"
"96","KKona","https://cdn.frankerfacez.com/emoticon/167498/1"
"97","Clap","https://cdn.frankerfacez.com/emoticon/298847/1"
"98","SuchMeme","https://cdn.frankerfacez.com/emoticon/27825/1"
"99","EHEHE","https://cdn.frankerfacez.com/emoticon/101094/1"
"100","JUSTDOIT","https://cdn.frankerfacez.com/emoticon/37311/1"
"101","gachiBASS","https://cdn.frankerfacez.com/emoticon/273779/1"
"102","Prayge","https://cdn.frankerfacez.com/emoticon/507766/1"
"103","peepoHug","https://cdn.frankerfacez.com/emoticon/237403/1"
"104","StrimPlz","https://cdn.frankerfacez.com/emoticon/36318/1"
"105","stopS","https://cdn.frankerfacez.com/emoticon/45622/1"
"106","monkaSpeed","https://cdn.frankerfacez.com/emoticon/260557/1"
"107","Tuturu","https://cdn.frankerfacez.com/emoticon/25335/1"
"108","4WeirdW","https://cdn.frankerfacez.com/emoticon/325413/1"
"109","okiRIP","https://cdn.frankerfacez.com/emoticon/27204/1"
"110","eShrug","https://cdn.frankerfacez.com/emoticon/107715/1"
"111","MikuStare","https://cdn.frankerfacez.com/emoticon/229996/1"
"112","FeelsWeirdManW","https://cdn.frankerfacez.com/emoticon/208616/1"
"113","Stonks","https://cdn.frankerfacez.com/emoticon/428011/1"
"114","FacePalm","https://cdn.frankerfacez.com/emoticon/70179/1"
"115","OhISee","https://cdn.frankerfacez.com/emoticon/230001/1"
"116","pepeGun","https://cdn.frankerfacez.com/emoticon/201244/1"
"117","AYAYAY","https://cdn.frankerfacez.com/emoticon/250475/1"
"118","pepePoint","https://cdn.frankerfacez.com/emoticon/377799/1"
"119","FeelsBirthdayMan","https://cdn.frankerfacez.com/emoticon/52846/1"
"120","FeelsAmazingMan","https://cdn.frankerfacez.com/emoticon/119883/1"
"121","SadCatW","https://cdn.frankerfacez.com/emoticon/453065/1"
"122","Bruh","https://cdn.frankerfacez.com/emoticon/294111/1"
"123","PauseChamp","https://cdn.frankerfacez.com/emoticon/557676/1"
"124","KannaNom","https://cdn.frankerfacez.com/emoticon/310289/1"
"125","PLEASENO","https://cdn.frankerfacez.com/emoticon/229368/1"
"126","RAGEY","https://cdn.frankerfacez.com/emoticon/263587/1"
"127","Pog","https://cdn.frankerfacez.com/emoticon/301073/1"
"128","TooLewd","https://cdn.frankerfacez.com/emoticon/229999/1"
"129","widepeepoHug","https://cdn.frankerfacez.com/emoticon/337787/1"
"130","pepeLaugh","https://cdn.frankerfacez.com/emoticon/341767/1"
"131","coronaS","https://cdn.frankerfacez.com/emoticon/445967/1"
"132","PillowNo","https://cdn.frankerfacez.com/emoticon/235238/1"
"133","PillowYes","https://cdn.frankerfacez.com/emoticon/235239/1"
"134","FeelsWowMan","https://cdn.frankerfacez.com/emoticon/182473/1"
"135","HYPERS","https://cdn.frankerfacez.com/emoticon/240931/1"
"136","nepSmug","https://cdn.frankerfacez.com/emoticon/151481/1"
"137","Pepega","https://cdn.frankerfacez.com/emoticon/295113/1"
"138","Sadge","https://cdn.frankerfacez.com/emoticon/472535/1"
"139","WTFF","https://cdn.frankerfacez.com/emoticon/241298/1"
"140","OkayChamp","https://cdn.frankerfacez.com/emoticon/467543/1"
"141","Kapp","https://cdn.frankerfacez.com/emoticon/278909/1"
"142","monkaT","https://cdn.frankerfacez.com/emoticon/209084/1"
"143","4HEader","https://cdn.frankerfacez.com/emoticon/165784/1"
"144","peepoFinger","https://cdn.frankerfacez.com/emoticon/300667/1"
"145","PepeHands","https://cdn.frankerfacez.com/emoticon/296194/1"
"146","KEKW","https://cdn.frankerfacez.com/emoticon/395453/1"
"147","Dolan","https://cdn.frankerfacez.com/emoticon/25933/1"
"148","OMEGALUL","https://cdn.frankerfacez.com/emoticon/226665/1"
"149","WideHarder","https://cdn.frankerfacez.com/emoticon/293191/1"
"150","WutFaceW","https://cdn.frankerfacez.com/emoticon/168065/1"
"151","BootyTime","https://cdn.frankerfacez.com/emoticon/22080/1"
"152","Madge","https://cdn.frankerfacez.com/emoticon/510861/1"
"153","PepeREE","https://cdn.frankerfacez.com/emoticon/197689/1"
"154","PagMan","https://cdn.frankerfacez.com/emoticon/517647/1"
"155","ricardoFlick","https://cdn.frankerfacez.com/emoticon/303559/1"
"156","PepeClown","https://cdn.frankerfacez.com/emoticon/318909/1"
"157","VWasted","https://cdn.frankerfacez.com/emoticon/27962/1"
"158","WICKED","https://cdn.frankerfacez.com/emoticon/457124/1"
"159","4Heed","https://cdn.frankerfacez.com/emoticon/242432/1"
"160","CatWhat","https://cdn.frankerfacez.com/emoticon/398047/1"
"161","NOP","https://cdn.frankerfacez.com/emoticon/422040/1"
"162","ConcernFroge","https://cdn.frankerfacez.com/emoticon/121482/1"
"163","GoodMemes","https://cdn.frankerfacez.com/emoticon/15824/1"
"164","PeepoWeird","https://cdn.frankerfacez.com/emoticon/243682/1"
"165","VaN","https://cdn.frankerfacez.com/emoticon/269928/1"
"166","RNGplz","https://cdn.frankerfacez.com/emoticon/30469/1"
"167","SadCat","https://cdn.frankerfacez.com/emoticon/357348/1"
"168","KEKL","https://cdn.frankerfacez.com/emoticon/407009/1"
"169","Pepege","https://cdn.frankerfacez.com/emoticon/341610/1"
"170","KannaPolice","https://cdn.frankerfacez.com/emoticon/201877/1"
"171","peepoPat","https://cdn.frankerfacez.com/emoticon/282166/1"
"172","FeelsStrongMan","https://cdn.frankerfacez.com/emoticon/585292/1"
"173","AmaRekt","https://cdn.frankerfacez.com/emoticon/10043/1"
"174","5Head","https://cdn.frankerfacez.com/emoticon/334746/1"
"175","Daijoubu","https://cdn.frankerfacez.com/emoticon/229993/1"
"176","monkaStop","https://cdn.frankerfacez.com/emoticon/277982/1"
"177","ToroSalt","https://cdn.frankerfacez.com/emoticon/35752/1"
"178","peepoBlush","https://cdn.frankerfacez.com/emoticon/420023/1"
"179","SmugPepe","https://cdn.frankerfacez.com/emoticon/12042/1"
"180","pepeL","https://cdn.frankerfacez.com/emoticon/200804/1"
"181","CosmicBrain","https://cdn.frankerfacez.com/emoticon/181164/1"
"182","dankHug","https://cdn.frankerfacez.com/emoticon/444667/1"
"183","3Head","https://cdn.frankerfacez.com/emoticon/341164/1"
"184","FeelsOkayMan","https://cdn.frankerfacez.com/emoticon/450530/1"
"185","peepoShrug","https://cdn.frankerfacez.com/emoticon/228447/1"
"186","BOOMER","https://cdn.frankerfacez.com/emoticon/316078/1"
"187","peepoKnife","https://cdn.frankerfacez.com/emoticon/270499/1"
"188","NiceHost","https://cdn.frankerfacez.com/emoticon/81451/1"
"189","RIP","https://cdn.frankerfacez.com/emoticon/164177/1"
"190","PepeSuspicious","https://cdn.frankerfacez.com/emoticon/266074/1"
"191","monkaW","https://cdn.frankerfacez.com/emoticon/286826/1"
"192","AYAYAHyper","https://cdn.frankerfacez.com/emoticon/278206/1"
"193","peepoPooPoo","https://cdn.frankerfacez.com/emoticon/313588/1"
"194","pepoHmm","https://cdn.frankerfacez.com/emoticon/204804/1"
"195","peepoShy","https://cdn.frankerfacez.com/emoticon/448771/1"
"196","YuuBooty","https://cdn.frankerfacez.com/emoticon/577608/1"
"197","monkaH","https://cdn.frankerfacez.com/emoticon/267468/1"
"198","AYAYAWeird","https://cdn.frankerfacez.com/emoticon/331926/1"
"199","monkaGun","https://cdn.frankerfacez.com/emoticon/185572/1"
"200","Catgasm","https://cdn.frankerfacez.com/emoticon/40837/1"
"201","widepeepoFat","https://cdn.frankerfacez.com/emoticon/337760/1"
"202","WideHard","https://cdn.frankerfacez.com/emoticon/315510/1"
"203","FeelsRageMan","https://cdn.frankerfacez.com/emoticon/53418/1"
"204","AYAYA","https://cdn.frankerfacez.com/emoticon/261450/1"
"205","forsenScoots","https://cdn.frankerfacez.com/emoticon/265650/1"
"206","PepeHands","https://cdn.frankerfacez.com/emoticon/244548/1"
"207","FeelsDonkMan","https://cdn.frankerfacez.com/emoticon/262149/1"
"208","COGGERS","https://cdn.frankerfacez.com/emoticon/250618/1"
"209","KermitENOUGH","https://cdn.frankerfacez.com/emoticon/134065/1"
"210","LULW","https://cdn.frankerfacez.com/emoticon/341166/1"
"211","pepeGun","https://cdn.frankerfacez.com/emoticon/52831/1"
"212","widepeepoHigh","https://cdn.frankerfacez.com/emoticon/339048/1"
"213","BOGGED","https://cdn.frankerfacez.com/emoticon/274629/1"
"214","KEKW","https://cdn.frankerfacez.com/emoticon/390924/1"
"215","AYAYA","https://cdn.frankerfacez.com/emoticon/380005/1"
"216","4Town","https://cdn.frankerfacez.com/emoticon/261802/1"
"217","Hmm","https://cdn.frankerfacez.com/emoticon/405602/1"
"218","ppL","https://cdn.frankerfacez.com/emoticon/229544/1"
"219","CirnoBaka","https://cdn.frankerfacez.com/emoticon/28726/1"
"220","dogeKek","https://cdn.frankerfacez.com/emoticon/126684/1"
"221","monakS","https://cdn.frankerfacez.com/emoticon/184836/1"
"222","peepoSIMP","https://cdn.frankerfacez.com/emoticon/396371/1"
"223","TooGood","https://cdn.frankerfacez.com/emoticon/230000/1"
"224","KKoooona","https://cdn.frankerfacez.com/emoticon/164405/1"
"225","haHAA","https://cdn.frankerfacez.com/emoticon/285676/1"
"226","YeahBoi","https://cdn.frankerfacez.com/emoticon/43360/1"
"227","PepeLaugh","https://cdn.frankerfacez.com/emoticon/382281/1"
"228","HEYYEYAAEYAAAEYAEYAA","https://cdn.frankerfacez.com/emoticon/49777/1"
"229","pOg","https://cdn.frankerfacez.com/emoticon/324468/1"
"230","peepoCheer","https://cdn.frankerfacez.com/emoticon/217349/1"
"231","GAMEOVER","https://cdn.frankerfacez.com/emoticon/26694/1"
"232","Kermitpls","https://cdn.frankerfacez.com/emoticon/33947/1"
"233","monkaO","https://cdn.frankerfacez.com/emoticon/165806/1"
"234","BibleBag","https://cdn.frankerfacez.com/emoticon/20706/1"
"235","ILuvU","https://cdn.frankerfacez.com/emoticon/17914/1"
"236","monkaThink","https://cdn.frankerfacez.com/emoticon/201690/1"
"237","OOF","https://cdn.frankerfacez.com/emoticon/261564/1"
"238","rageW","https://cdn.frankerfacez.com/emoticon/243028/1"
"239","GoodNight","https://cdn.frankerfacez.com/emoticon/75688/1"
"240","pepoRope","https://cdn.frankerfacez.com/emoticon/252260/1"
"241","KeK","https://cdn.frankerfacez.com/emoticon/265914/1"
"242","FeelsSexMan","https://cdn.frankerfacez.com/emoticon/342345/1"
"243","peepoDetective","https://cdn.frankerfacez.com/emoticon/234227/1"
"244","FeelsWeirdMan","https://cdn.frankerfacez.com/emoticon/450531/1"
"245","forsenCD","https://cdn.frankerfacez.com/emoticon/356032/1"
"246","PepeLaugh","https://cdn.frankerfacez.com/emoticon/263820/1"
"247","WeebsOut","https://cdn.frankerfacez.com/emoticon/273365/1"
"248","5Head","https://cdn.frankerfacez.com/emoticon/419522/1"
"249","Pepega","https://cdn.frankerfacez.com/emoticon/341170/1"
"250","NepYay","https://cdn.frankerfacez.com/emoticon/39656/1"
"251","PeepoFinger","https://cdn.frankerfacez.com/emoticon/318195/1"
"252","POI","https://cdn.frankerfacez.com/emoticon/229122/1"
"253","PepeLa","https://cdn.frankerfacez.com/emoticon/355871/1"
"254","RoWOW","https://cdn.frankerfacez.com/emoticon/307977/1"
"255","noxSorry","https://cdn.frankerfacez.com/emoticon/142957/1"
"256","KEKW","https://cdn.frankerfacez.com/emoticon/405335/1"
"257","REEEEE","https://cdn.frankerfacez.com/emoticon/235284/1"
"258","TeeHee","https://cdn.frankerfacez.com/emoticon/151637/1"
"259","peepoRiot","https://cdn.frankerfacez.com/emoticon/332541/1"
"260","Okayeg","https://cdn.frankerfacez.com/emoticon/438696/1"
"261","FeelsSadMan","https://cdn.frankerfacez.com/emoticon/132030/1"
"262","WTFgurl","https://cdn.frankerfacez.com/emoticon/40795/1"
"263","peepoExit","https://cdn.frankerfacez.com/emoticon/355966/1"
"264","xbn","https://cdn.frankerfacez.com/emoticon/1383/1"
"265","NickyQ","https://cdn.frankerfacez.com/emoticon/156369/1"
"266","OMEGALULEatingAnEggplant","https://cdn.frankerfacez.com/emoticon/210423/1"
"267","POG","https://cdn.frankerfacez.com/emoticon/410522/1"
"268","peepoChrist","https://cdn.frankerfacez.com/emoticon/250610/1"
"269","PepeHands","https://cdn.frankerfacez.com/emoticon/420470/1"
"270","DIDSOMEONESAYCOCK","https://cdn.frankerfacez.com/emoticon/438500/1"
"271","FeelsGladMan","https://cdn.frankerfacez.com/emoticon/69627/1"
"272","LULW","https://cdn.frankerfacez.com/emoticon/395456/1"
"273","PepoRage","https://cdn.frankerfacez.com/emoticon/361557/1"
"274","MegaLUL","https://cdn.frankerfacez.com/emoticon/119959/1"
"275","Pog","https://cdn.frankerfacez.com/emoticon/272019/1"
"276","PepeThink","https://cdn.frankerfacez.com/emoticon/258482/1"
"277","OMEGALUL","https://cdn.frankerfacez.com/emoticon/295799/1"
"278","DesuOP","https://cdn.frankerfacez.com/emoticon/6490/1"
"279","KEKW","https://cdn.frankerfacez.com/emoticon/407734/1"
"280","monkaEyes","https://cdn.frankerfacez.com/emoticon/307777/1"
"281","Pepega","https://cdn.frankerfacez.com/emoticon/405548/1"
"282","PepoG","https://cdn.frankerfacez.com/emoticon/342614/1"
"283","WoweeW","https://cdn.frankerfacez.com/emoticon/181160/1"
"284","KermitTea","https://cdn.frankerfacez.com/emoticon/47945/1"
"285","PepeScoots","https://cdn.frankerfacez.com/emoticon/267930/1"
"286","monkaGun","https://cdn.frankerfacez.com/emoticon/312109/1"
"287","WanWan","https://cdn.frankerfacez.com/emoticon/25551/1"
"288","DontBully","https://cdn.frankerfacez.com/emoticon/151133/1"
"289","WeirdChamp","https://cdn.frankerfacez.com/emoticon/391396/1"
"290","GoodMorning","https://cdn.frankerfacez.com/emoticon/75689/1"
"291","peepoHurt","https://cdn.frankerfacez.com/emoticon/253513/1"
"292","Krappa","https://cdn.frankerfacez.com/emoticon/328070/1"
"293","KermitComfy","https://cdn.frankerfacez.com/emoticon/47941/1"
"294","LOLW","https://cdn.frankerfacez.com/emoticon/367433/1"
"295","NyanPasu","https://cdn.frankerfacez.com/emoticon/34318/1"
"296","Pepeg","https://cdn.frankerfacez.com/emoticon/344688/1"
"297","NaM","https://cdn.frankerfacez.com/emoticon/191170/1"
"298","Kappa_420","https://cdn.frankerfacez.com/emoticon/48137/1"
"299","shrugFace","https://cdn.frankerfacez.com/emoticon/32110/1"
"300","ThinkingFaceEmoji","https://cdn.frankerfacez.com/emoticon/118036/1"
"301","catOK","https://cdn.frankerfacez.com/emoticon/279627/1"
"302","YEP","https://cdn.frankerfacez.com/emoticon/463272/1"
"303","monkaLaugh","https://cdn.frankerfacez.com/emoticon/408792/1"
"304","noxWhat","https://cdn.frankerfacez.com/emoticon/142956/1"
"305","BadSpeedrun","https://cdn.frankerfacez.com/emoticon/65228/1"
"306","YouDied","https://cdn.frankerfacez.com/emoticon/129605/1"
"307","NOPE","https://cdn.frankerfacez.com/emoticon/437884/1"
"308","Pogplant","https://cdn.frankerfacez.com/emoticon/294486/1"
"309","MeguminHappy","https://cdn.frankerfacez.com/emoticon/85103/1"
"310","pepeD","https://cdn.frankerfacez.com/emoticon/319304/1"
"311","PantsGrab","https://cdn.frankerfacez.com/emoticon/283427/1"
"312","TriEasy","https://cdn.frankerfacez.com/emoticon/25122/1"
"313","PassTheBleach","https://cdn.frankerfacez.com/emoticon/40284/1"
"314","FeelsOldMan","https://cdn.frankerfacez.com/emoticon/249125/1"
"315","AndKnuckles","https://cdn.frankerfacez.com/emoticon/24999/1"
"316","PauseChamp","https://cdn.frankerfacez.com/emoticon/557550/1"
"317","monkaSSS","https://cdn.frankerfacez.com/emoticon/201363/1"
"318","HYPERDANSGAMEW","https://cdn.frankerfacez.com/emoticon/242861/1"
"319","4HEad","https://cdn.frankerfacez.com/emoticon/165783/1"
"320","LickMe","https://cdn.frankerfacez.com/emoticon/28453/1"
"321","PogU","https://cdn.frankerfacez.com/emoticon/422810/1"
"322","ABABABABA","https://cdn.frankerfacez.com/emoticon/82321/1"
"323","gachiPRIDE","https://cdn.frankerfacez.com/emoticon/147553/1"
"324","monkaHmm","https://cdn.frankerfacez.com/emoticon/314987/1"
"325","peepoS","https://cdn.frankerfacez.com/emoticon/228448/1"
"326","pepeW","https://cdn.frankerfacez.com/emoticon/232677/1"
"327","PepeMods","https://cdn.frankerfacez.com/emoticon/336978/1"
"328","UhOh","https://cdn.frankerfacez.com/emoticon/21833/1"
"329","Magoo","https://cdn.frankerfacez.com/emoticon/27041/1"
"330","THICC","https://cdn.frankerfacez.com/emoticon/327419/1"
"331","monkaTOS","https://cdn.frankerfacez.com/emoticon/310065/1"
"332","Ohno","https://cdn.frankerfacez.com/emoticon/423445/1"
"333","peepoG","https://cdn.frankerfacez.com/emoticon/464328/1"
"334","JustRight","https://cdn.frankerfacez.com/emoticon/93535/1"
"335","PepeLove","https://cdn.frankerfacez.com/emoticon/327463/1"
"336","PepoThink","https://cdn.frankerfacez.com/emoticon/223612/1"
"337","PoiPoi","https://cdn.frankerfacez.com/emoticon/29072/1"
"338","4WeirdBuff","https://cdn.frankerfacez.com/emoticon/451994/1"
"339","Pog","https://cdn.frankerfacez.com/emoticon/312861/1"
"340","HeyPal","https://cdn.frankerfacez.com/emoticon/45103/1"
"341","Kissahomie","https://cdn.frankerfacez.com/emoticon/298316/1"
"342","PepeNice","https://cdn.frankerfacez.com/emoticon/257954/1"
"343","GG!","https://cdn.frankerfacez.com/emoticon/32994/1"
"344","KKonaW","https://cdn.frankerfacez.com/emoticon/164480/1"
"345","PepeHands","https://cdn.frankerfacez.com/emoticon/358621/1"
"346","AYAYA","https://cdn.frankerfacez.com/emoticon/308939/1"
"347","OpieOShaq","https://cdn.frankerfacez.com/emoticon/22932/1"
"348","MOIST","https://cdn.frankerfacez.com/emoticon/29967/1"
"349","LULW","https://cdn.frankerfacez.com/emoticon/412792/1"
"350","KEKW","https://cdn.frankerfacez.com/emoticon/387485/1"
"351","GotEm","https://cdn.frankerfacez.com/emoticon/20459/1"
"352","arnoldHalt","https://cdn.frankerfacez.com/emoticon/409673/1"
"353","KEKLEO","https://cdn.frankerfacez.com/emoticon/505263/1"
"354","peepoNo","https://cdn.frankerfacez.com/emoticon/265166/1"
"355","FeelsTastyMan","https://cdn.frankerfacez.com/emoticon/213195/1"
"356","KannaWave","https://cdn.frankerfacez.com/emoticon/186320/1"
"357","KKrikey","https://cdn.frankerfacez.com/emoticon/211044/1"
"358","5Head","https://cdn.frankerfacez.com/emoticon/307775/1"
"359","peepoKiss","https://cdn.frankerfacez.com/emoticon/449983/1"
"360","1Head","https://cdn.frankerfacez.com/emoticon/321325/1"
"361","HeheHehe","https://cdn.frankerfacez.com/emoticon/230003/1"
"362","4Gitte","https://cdn.frankerfacez.com/emoticon/249850/1"
"363","LurkMode","https://cdn.frankerfacez.com/emoticon/38914/1"
"364","BASED","https://cdn.frankerfacez.com/emoticon/439694/1"
"365","peepoFriendship","https://cdn.frankerfacez.com/emoticon/551070/1"
"366","OMEGALUL","https://cdn.frankerfacez.com/emoticon/417690/1"
"367","peepoMad","https://cdn.frankerfacez.com/emoticon/259518/1"
"368","HYPEtime","https://cdn.frankerfacez.com/emoticon/39568/1"
"369","KKomrade","https://cdn.frankerfacez.com/emoticon/305820/1"
"370","HungryTag","https://cdn.frankerfacez.com/emoticon/5233/1"
"371","peepoFinger","https://cdn.frankerfacez.com/emoticon/280310/1"
"372","FeelsBadMan","https://cdn.frankerfacez.com/emoticon/305831/1"
"373","Weirdge","https://cdn.frankerfacez.com/emoticon/411818/1"
"374","2Header","https://cdn.frankerfacez.com/emoticon/323262/1"
"375","AWOOOO","https://cdn.frankerfacez.com/emoticon/27533/1"
"376","gachiGASM","https://cdn.frankerfacez.com/emoticon/108701/1"
"377","ButtBooty","https://cdn.frankerfacez.com/emoticon/265916/1"
"378","RunOgre","https://cdn.frankerfacez.com/emoticon/25321/1"
"379","peepoYes","https://cdn.frankerfacez.com/emoticon/265167/1"
"380","peepoCry","https://cdn.frankerfacez.com/emoticon/250615/1"
"381","WaitWhat","https://cdn.frankerfacez.com/emoticon/173674/1"
"382","OMEGALUL","https://cdn.frankerfacez.com/emoticon/246605/1"
"383","COPIUM","https://cdn.frankerfacez.com/emoticon/563443/1"
"384","peepoRun","https://cdn.frankerfacez.com/emoticon/334008/1"
"385","MuscleR","https://cdn.frankerfacez.com/emoticon/45579/1"
"386","PepeLaugh","https://cdn.frankerfacez.com/emoticon/419518/1"
"387","smileW","https://cdn.frankerfacez.com/emoticon/263101/1"
"388","monkaCozy","https://cdn.frankerfacez.com/emoticon/226927/1"
"389","LULW","https://cdn.frankerfacez.com/emoticon/276922/1"
"390","peepoHug","https://cdn.frankerfacez.com/emoticon/228450/1"
"391","PepeCool","https://cdn.frankerfacez.com/emoticon/185868/1"
"392","peepoAwesome","https://cdn.frankerfacez.com/emoticon/264360/1"
"393","UHM","https://cdn.frankerfacez.com/emoticon/425890/1"
"394","LennyFace","https://cdn.frankerfacez.com/emoticon/28491/1"
"395","HyperLUL","https://cdn.frankerfacez.com/emoticon/167825/1"
"396","MikuComfy","https://cdn.frankerfacez.com/emoticon/229997/1"
"397","Okayga","https://cdn.frankerfacez.com/emoticon/287489/1"
"398","POGGERS","https://cdn.frankerfacez.com/emoticon/296009/1"
"399","RemEhehe","https://cdn.frankerfacez.com/emoticon/229998/1"
"400","PicardWTF","https://cdn.frankerfacez.com/emoticon/49640/1"
"401","KannaBlob","https://cdn.frankerfacez.com/emoticon/167504/1"
"402","OOF","https://cdn.frankerfacez.com/emoticon/272739/1"
"403","MuscleL","https://cdn.frankerfacez.com/emoticon/45580/1"
"404","peepoThink","https://cdn.frankerfacez.com/emoticon/234378/1"
"405","monkaX","https://cdn.frankerfacez.com/emoticon/226921/1"
"406","PepeHands","https://cdn.frankerfacez.com/emoticon/264325/1"
"407","widepeepoClown","https://cdn.frankerfacez.com/emoticon/338528/1"
"408","StopStreaming","https://cdn.frankerfacez.com/emoticon/60729/1"
"409","Susge","https://cdn.frankerfacez.com/emoticon/475175/1"
"410","peepoEZ","https://cdn.frankerfacez.com/emoticon/225468/1"
"411","3Head","https://cdn.frankerfacez.com/emoticon/409241/1"
"412","POGGERS","https://cdn.frankerfacez.com/emoticon/238568/1"
"413","pepeD","https://cdn.frankerfacez.com/emoticon/238613/1"
"414","Widega","https://cdn.frankerfacez.com/emoticon/300983/1"
"415","PepePoint","https://cdn.frankerfacez.com/emoticon/456511/1"
"416","PogChimp","https://cdn.frankerfacez.com/emoticon/31401/1"
"417","PogO","https://cdn.frankerfacez.com/emoticon/555265/1"
"418","peepoRage","https://cdn.frankerfacez.com/emoticon/323585/1"
"419","6Head","https://cdn.frankerfacez.com/emoticon/315367/1"
"420","POOGERS","https://cdn.frankerfacez.com/emoticon/287754/1"
"421","OMEGASP","https://cdn.frankerfacez.com/emoticon/276951/1"
"422","OMEGALUL","https://cdn.frankerfacez.com/emoticon/357152/1"
"423","PepegaBlind","https://cdn.frankerfacez.com/emoticon/552760/1"
"424","monkaW","https://cdn.frankerfacez.com/emoticon/426196/1"
"425","Madge","https://cdn.frankerfacez.com/emoticon/469241/1"
"426","3Head","https://cdn.frankerfacez.com/emoticon/359703/1"
"427","widepepOMEGAKEKHappyChampHands","https://cdn.frankerfacez.com/emoticon/395608/1"
"428","peepoComfyBlanket","https://cdn.frankerfacez.com/emoticon/278120/1"
"429","HandsUp","https://cdn.frankerfacez.com/emoticon/296144/1"
"430","Pepega","https://cdn.frankerfacez.com/emoticon/419525/1"
"431","FeelsDabMan","https://cdn.frankerfacez.com/emoticon/132023/1"
"432","RoWOOW","https://cdn.frankerfacez.com/emoticon/176594/1"
"433","HUGERS","https://cdn.frankerfacez.com/emoticon/279976/1"
"434","PoiGasm","https://cdn.frankerfacez.com/emoticon/28971/1"
"435","Hmmm","https://cdn.frankerfacez.com/emoticon/498920/1"
"436","VictoryScreech","https://cdn.frankerfacez.com/emoticon/26865/1"
"437","CapitalD","https://cdn.frankerfacez.com/emoticon/575337/1"
"438","monkaChrist","https://cdn.frankerfacez.com/emoticon/305478/1"
"439","NeverGiveUp","https://cdn.frankerfacez.com/emoticon/15120/1"
"440","peepoLove","https://cdn.frankerfacez.com/emoticon/304635/1"
"441","HiKibbi","https://cdn.frankerfacez.com/emoticon/8704/1"
"442","PepoFinger","https://cdn.frankerfacez.com/emoticon/269182/1"
"443","MEGALUL","https://cdn.frankerfacez.com/emoticon/341201/1"
"444","KEKW","https://cdn.frankerfacez.com/emoticon/420012/1"
"445","NepWink","https://cdn.frankerfacez.com/emoticon/74602/1"
"446","Pog","https://cdn.frankerfacez.com/emoticon/274961/1"
"447","WooferWhat","https://cdn.frankerfacez.com/emoticon/81780/1"
"448","ExpansionPak","https://cdn.frankerfacez.com/emoticon/25189/1"
"449","lulWut","https://cdn.frankerfacez.com/emoticon/249979/1"
"450","TerrIffyed","https://cdn.frankerfacez.com/emoticon/63736/1"
"451","ErynStaryn","https://cdn.frankerfacez.com/emoticon/109523/1"
"452","SMILERS","https://cdn.frankerfacez.com/emoticon/360509/1"
"453","Weirdga","https://cdn.frankerfacez.com/emoticon/294523/1"
"454","FeelsThinkingMan","https://cdn.frankerfacez.com/emoticon/197630/1"
"455","KannaWOT","https://cdn.frankerfacez.com/emoticon/311999/1"
"456","ZULOL","https://cdn.frankerfacez.com/emoticon/308406/1"
"457","Pog","https://cdn.frankerfacez.com/emoticon/555906/1"
"458","CatHiss","https://cdn.frankerfacez.com/emoticon/278966/1"
"459","peepoNotes","https://cdn.frankerfacez.com/emoticon/423735/1"
"460","catJAM","https://cdn.frankerfacez.com/emoticon/564062/1"
"461","LULW","https://cdn.frankerfacez.com/emoticon/358910/1"
"462","mericCat","https://cdn.frankerfacez.com/emoticon/283771/1"
"463","WideHard","https://cdn.frankerfacez.com/emoticon/318779/1"
"464","HYPERBRUH","https://cdn.frankerfacez.com/emoticon/252126/1"
"465","ozonF","https://cdn.frankerfacez.com/emoticon/234409/1"
"466","gachiGASM","https://cdn.frankerfacez.com/emoticon/248448/1"
"467","PepeHands","https://cdn.frankerfacez.com/emoticon/342347/1"
"468","WeirdEyes","https://cdn.frankerfacez.com/emoticon/282161/1"
"469","FeelGood","https://cdn.frankerfacez.com/emoticon/230004/1"
"470","cooBruh","https://cdn.frankerfacez.com/emoticon/333085/1"
"471","ComfyTag","https://cdn.frankerfacez.com/emoticon/310115/1"
"472","FeelsSupportMan","https://cdn.frankerfacez.com/emoticon/310163/1"
"473","DrakTip","https://cdn.frankerfacez.com/emoticon/53578/1"
"474","Prayge","https://cdn.frankerfacez.com/emoticon/527702/1"
"475","monkaS","https://cdn.frankerfacez.com/emoticon/207928/1"
"476","peepoHey","https://cdn.frankerfacez.com/emoticon/493118/1"
"477","KEKYou","https://cdn.frankerfacez.com/emoticon/387408/1"
"478","POGGIES","https://cdn.frankerfacez.com/emoticon/301414/1"
"479","monkaW","https://cdn.frankerfacez.com/emoticon/382982/1"
"480","Pepega","https://cdn.frankerfacez.com/emoticon/356098/1"
"481","TopPika","https://cdn.frankerfacez.com/emoticon/18149/1"
"482","PeepoGiggle","https://cdn.frankerfacez.com/emoticon/302083/1"
"483","RESET","https://cdn.frankerfacez.com/emoticon/21054/1"
"484","DoILookLikeIKnowWhatAFrankerFaceZeeIs","https://cdn.frankerfacez.com/emoticon/41767/1"
"485","Durka","https://cdn.frankerfacez.com/emoticon/422781/1"
"486","PepeChill","https://cdn.frankerfacez.com/emoticon/467871/1"
"487","monkaStare","https://cdn.frankerfacez.com/emoticon/405963/1"
"488","VertWhat","https://cdn.frankerfacez.com/emoticon/102983/1"
"489","peepoComeBack","https://cdn.frankerfacez.com/emoticon/384960/1"
"490","SHIREE","https://cdn.frankerfacez.com/emoticon/157968/1"
"491","AYAYA","https://cdn.frankerfacez.com/emoticon/296685/1"
"492","sOk","https://cdn.frankerfacez.com/emoticon/70405/1"
"493","Pepege","https://cdn.frankerfacez.com/emoticon/317034/1"
"494","WideHardest2","https://cdn.frankerfacez.com/emoticon/299685/1"
"495","monkaGIGA","https://cdn.frankerfacez.com/emoticon/201368/1"
"496","Thonking","https://cdn.frankerfacez.com/emoticon/155679/1"
"497","FeelsSmartMan","https://cdn.frankerfacez.com/emoticon/177424/1"
"498","FeelsGoodEnoughMan","https://cdn.frankerfacez.com/emoticon/87528/1"
"499","pepeComfy","https://cdn.frankerfacez.com/emoticon/117885/1"
"500","YEP","https://cdn.frankerfacez.com/emoticon/433522/1"
"501","DoggFace","https://cdn.frankerfacez.com/emoticon/25187/1"
"502","Dovolen","https://cdn.frankerfacez.com/emoticon/321688/1"
"503","Osujdau","https://cdn.frankerfacez.com/emoticon/337288/1"
"504","FeelsDankMan","https://cdn.frankerfacez.com/emoticon/405855/1"
"505","WideHardest1","https://cdn.frankerfacez.com/emoticon/299686/1"
"506","PogO","https://cdn.frankerfacez.com/emoticon/556604/1"
"507","VanillaChamp","https://cdn.frankerfacez.com/emoticon/229992/1"
"508","Kapp","https://cdn.frankerfacez.com/emoticon/423261/1"
"509","ZOOMER","https://cdn.frankerfacez.com/emoticon/316077/1"
"510","DougDimmadomeOwnerOfTheDimmsdaleDimmadomeLookingOutHisDimmsdaleDimmadomeLookingOutSpongebobsWindowAndKnucklesFtDanteDOIT","https://cdn.frankerfacez.com/emoticon/45368/1"
"511","Salutezume","https://cdn.frankerfacez.com/emoticon/86406/1"
"512","HONEYDETECTED","https://cdn.frankerfacez.com/emoticon/211702/1"
"513","PepeHands","https://cdn.frankerfacez.com/emoticon/299888/1"
"514","TriKool","https://cdn.frankerfacez.com/emoticon/375269/1"
"515","Pog","https://cdn.frankerfacez.com/emoticon/285200/1"
"516","MONKERS","https://cdn.frankerfacez.com/emoticon/267101/1"
"517","OMEGALUL","https://cdn.frankerfacez.com/emoticon/342348/1"
"518","PepoGun","https://cdn.frankerfacez.com/emoticon/235479/1"
"519","FeelsStrongMan","https://cdn.frankerfacez.com/emoticon/274963/1"
"520","WeirdDude","https://cdn.frankerfacez.com/emoticon/425251/1"
"521","POGGERS","https://cdn.frankerfacez.com/emoticon/414878/1"
"522","peepoPain","https://cdn.frankerfacez.com/emoticon/372453/1"
"523","YesLikeThis","https://cdn.frankerfacez.com/emoticon/51202/1"
"524","NotSureIf","https://cdn.frankerfacez.com/emoticon/43503/1"
"525","Pepega","https://cdn.frankerfacez.com/emoticon/370046/1"
"526","TriPeek","https://cdn.frankerfacez.com/emoticon/243679/1"
"527","Sadge","https://cdn.frankerfacez.com/emoticon/525474/1"
"528","Floshed","https://cdn.frankerfacez.com/emoticon/402035/1"
"529","OMEGALUL","https://cdn.frankerfacez.com/emoticon/208064/1"
"530","KEKW","https://cdn.frankerfacez.com/emoticon/428881/1"
"531","NOOOO","https://cdn.frankerfacez.com/emoticon/488885/1"
"532","Kappapa","https://cdn.frankerfacez.com/emoticon/317278/1"
"533","peepoHappy","https://cdn.frankerfacez.com/emoticon/414808/1"
"534","monkaGIGA","https://cdn.frankerfacez.com/emoticon/165563/1"
"535","PikaShock","https://cdn.frankerfacez.com/emoticon/307201/1"
"536","DataFace","https://cdn.frankerfacez.com/emoticon/14567/1"
"537","REEEE","https://cdn.frankerfacez.com/emoticon/265326/1"
"538","KannaWant","https://cdn.frankerfacez.com/emoticon/158733/1"
"539","NANI!","https://cdn.frankerfacez.com/emoticon/223951/1"
"540","KannaPeer","https://cdn.frankerfacez.com/emoticon/162826/1"
"541","peepoSquad","https://cdn.frankerfacez.com/emoticon/388781/1"
"542","HAhaa","https://cdn.frankerfacez.com/emoticon/144811/1"
"543","ThatBooty","https://cdn.frankerfacez.com/emoticon/53280/1"
"544","Pog","https://cdn.frankerfacez.com/emoticon/290589/1"
"545","DontAtMe","https://cdn.frankerfacez.com/emoticon/198868/1"
"546","CatBoo","https://cdn.frankerfacez.com/emoticon/25793/1"
"547","KKonaW","https://cdn.frankerfacez.com/emoticon/412626/1"
"548","KEKW","https://cdn.frankerfacez.com/emoticon/400660/1"
"549","SmileW","https://cdn.frankerfacez.com/emoticon/402832/1"
"550","VapeNation","https://cdn.frankerfacez.com/emoticon/92333/1"
"551","HYPERS","https://cdn.frankerfacez.com/emoticon/296083/1"
"552","2Pro4U","https://cdn.frankerfacez.com/emoticon/46683/1"
"553","monkaW","https://cdn.frankerfacez.com/emoticon/334789/1"
"554","GoldenKappa","https://cdn.frankerfacez.com/emoticon/77198/1"
"555","OhMy","https://cdn.frankerfacez.com/emoticon/34312/1"
"556","vineLore","https://cdn.frankerfacez.com/emoticon/237207/1"
"557","HandsUp","https://cdn.frankerfacez.com/emoticon/354005/1"
"558","monkaW","https://cdn.frankerfacez.com/emoticon/301411/1"
"559","3Head","https://cdn.frankerfacez.com/emoticon/360603/1"
"560","gachiHYPER","https://cdn.frankerfacez.com/emoticon/334796/1"
"561","FeelsBadMan","https://cdn.frankerfacez.com/emoticon/113912/1"
"562","Gladge","https://cdn.frankerfacez.com/emoticon/509860/1"
"563","Pog","https://cdn.frankerfacez.com/emoticon/296142/1"
"564","HYPERHARDW","https://cdn.frankerfacez.com/emoticon/214126/1"
"565","4Mansion","https://cdn.frankerfacez.com/emoticon/243264/1"
"566","Kapp","https://cdn.frankerfacez.com/emoticon/272016/1"
"567","PepeNote","https://cdn.frankerfacez.com/emoticon/315067/1"
"568","AnimeThump","https://cdn.frankerfacez.com/emoticon/41191/1"
"569","KannaSpooks","https://cdn.frankerfacez.com/emoticon/160438/1"
"570","DankG","https://cdn.frankerfacez.com/emoticon/440310/1"
"571","PinguZ","https://cdn.frankerfacez.com/emoticon/38130/1"
"572","Pog","https://cdn.frankerfacez.com/emoticon/419380/1"
"573","YIKERS","https://cdn.frankerfacez.com/emoticon/313785/1"
"574","BBona","https://cdn.frankerfacez.com/emoticon/186727/1"
"575","peepoWeird","https://cdn.frankerfacez.com/emoticon/296091/1"
"576","peepoBlushing","https://cdn.frankerfacez.com/emoticon/351759/1"
"577","peepoScared","https://cdn.frankerfacez.com/emoticon/264199/1"
"578","4Heads","https://cdn.frankerfacez.com/emoticon/31307/1"
"579","KEKW","https://cdn.frankerfacez.com/emoticon/408553/1"
"580","PillowMaybe","https://cdn.frankerfacez.com/emoticon/29080/1"
"581","monkaStab","https://cdn.frankerfacez.com/emoticon/243330/1"
"582","essiPls","https://cdn.frankerfacez.com/emoticon/43052/1"
"583","WeebsOut","https://cdn.frankerfacez.com/emoticon/344152/1"
"584","peepoWideBruh","https://cdn.frankerfacez.com/emoticon/309615/1"
"585","peepoWTF","https://cdn.frankerfacez.com/emoticon/421389/1"
"586","HYPE!","https://cdn.frankerfacez.com/emoticon/190370/1"
"587","PogU","https://cdn.frankerfacez.com/emoticon/555668/1"
"588","monkaOMEGA","https://cdn.frankerfacez.com/emoticon/201367/1"
"589","Apu","https://cdn.frankerfacez.com/emoticon/413112/1"
"590","FeelsGoodMan","https://cdn.frankerfacez.com/emoticon/246776/1"
"591","POGGERS","https://cdn.frankerfacez.com/emoticon/332188/1"
"592","peepoEnter","https://cdn.frankerfacez.com/emoticon/367738/1"
"593","LewdHina","https://cdn.frankerfacez.com/emoticon/90414/1"
"594","EZZ","https://cdn.frankerfacez.com/emoticon/341168/1"
"595","KEKLEO","https://cdn.frankerfacez.com/emoticon/520139/1"
"596","SadgeSitSip","https://cdn.frankerfacez.com/emoticon/425799/1"
"597","PagChomp","https://cdn.frankerfacez.com/emoticon/521833/1"
"598","PEPW","https://cdn.frankerfacez.com/emoticon/442752/1"
"599","peepoJuiceBox","https://cdn.frankerfacez.com/emoticon/266141/1"
"600","ZULUL","https://cdn.frankerfacez.com/emoticon/376460/1"
"601","Gnomed","https://cdn.frankerfacez.com/emoticon/283042/1"
"602","pepoClown","https://cdn.frankerfacez.com/emoticon/266346/1"
"603","SmugNep","https://cdn.frankerfacez.com/emoticon/35957/1"
"604","MingLow","https://cdn.frankerfacez.com/emoticon/164124/1"
"605","ReimuPalm","https://cdn.frankerfacez.com/emoticon/35054/1"
"606","peepoWide","https://cdn.frankerfacez.com/emoticon/318778/1"
"607","KKomrade","https://cdn.frankerfacez.com/emoticon/278908/1"
"608","DougDimmadomeOwnerOfTheDimmsdaleDimmadomeLookingOutHisDimmsdaleDimmadome","https://cdn.frankerfacez.com/emoticon/44708/1"
"609","SadPepe","https://cdn.frankerfacez.com/emoticon/211753/1"
"610","SadgeBusiness","https://cdn.frankerfacez.com/emoticon/563930/1"
"611","THICC","https://cdn.frankerfacez.com/emoticon/270556/1"
"612","Pog","https://cdn.frankerfacez.com/emoticon/320970/1"
"613","PerfectGame","https://cdn.frankerfacez.com/emoticon/30146/1"
"614","Kappap","https://cdn.frankerfacez.com/emoticon/34827/1"
"615","PepeLaugh","https://cdn.frankerfacez.com/emoticon/403993/1"
"616","Pepe","https://cdn.frankerfacez.com/emoticon/12055/1"
"617","KEKW","https://cdn.frankerfacez.com/emoticon/388741/1"
"618","PeepoStop","https://cdn.frankerfacez.com/emoticon/415257/1"
"619","RatedL","https://cdn.frankerfacez.com/emoticon/78488/1"
"620","HYPERSL","https://cdn.frankerfacez.com/emoticon/263379/1"
"621","PepeWTF","https://cdn.frankerfacez.com/emoticon/342019/1"
"622","HandsUp","https://cdn.frankerfacez.com/emoticon/357565/1"
"623","KEKhands","https://cdn.frankerfacez.com/emoticon/396069/1"
"624","widepeepoGlad","https://cdn.frankerfacez.com/emoticon/341500/1"
"625","peepoSus","https://cdn.frankerfacez.com/emoticon/301140/1"
"626","OMEGALUL","https://cdn.frankerfacez.com/emoticon/267452/1"
"627","REEEE","https://cdn.frankerfacez.com/emoticon/61193/1"
"628","REEEEEE","https://cdn.frankerfacez.com/emoticon/201590/1"
"629","peepoPoopoo","https://cdn.frankerfacez.com/emoticon/339612/1"
"630","PresidentSleeper","https://cdn.frankerfacez.com/emoticon/27039/1"
"631","AYAYA","https://cdn.frankerfacez.com/emoticon/358679/1"
"632","OhImGay","https://cdn.frankerfacez.com/emoticon/166133/1"
"633","NiceMeme!","https://cdn.frankerfacez.com/emoticon/23043/1"
"634","AMAZIN","https://cdn.frankerfacez.com/emoticon/314715/1"
"635","vineVolume","https://cdn.frankerfacez.com/emoticon/237191/1"
"636","Pepega","https://cdn.frankerfacez.com/emoticon/398942/1"
"637","GitGud","https://cdn.frankerfacez.com/emoticon/55686/1"
"638","monkaJ","https://cdn.frankerfacez.com/emoticon/200140/1"
"639","PagMan","https://cdn.frankerfacez.com/emoticon/546026/1"
"640","pepeSus","https://cdn.frankerfacez.com/emoticon/336270/1"
"641","LickR","https://cdn.frankerfacez.com/emoticon/47595/1"
"642","PepoLove","https://cdn.frankerfacez.com/emoticon/296137/1"
"643","NepDerp","https://cdn.frankerfacez.com/emoticon/61879/1"
"644","PepeHands","https://cdn.frankerfacez.com/emoticon/451757/1"
"645","PepeWTF","https://cdn.frankerfacez.com/emoticon/324029/1"
"646","PogFish","https://cdn.frankerfacez.com/emoticon/418293/1"
"647","1Head","https://cdn.frankerfacez.com/emoticon/334205/1"
"648","monkaOMEGA","https://cdn.frankerfacez.com/emoticon/315093/1"
"649","SHEESH","https://cdn.frankerfacez.com/emoticon/446564/1"
"650","PepeHappy","https://cdn.frankerfacez.com/emoticon/244851/1"
